"unitid","institution name","year","IC2010.Religious affiliation","DRVIC2010.Percent admitted - total","DRVIC2010.Admissions yield - total","DRVHR2010.Average salary equated to 9-month contracts of full-time instructional staff - all ranks","DRVGR2010.Graduation rate - Bachelor degree within 6 years, total","IC2010.SAT Critical Reading 25th percentile score","IC2010.SAT Critical Reading 75th percentile score","IC2010.SAT Math 25th percentile score","IC2010.SAT Math 75th percentile score","IC2010.ACT Composite 25th percentile score","IC2010.ACT Composite 75th percentile score","F0910_F2.Total expenses","F0910_F2.Instruction-Total amount","F0910_F2.Value of endowment assets at the end of the fiscal year"
"100654","Alabama A & M University","2010","Not applicable","51","37","62198","33","380","470","370","470","16","19",,,
"100690","Amridge University","2010","Churches of Christ","71","100","31995","23",,,,,,,"8977221","3068908","174805"
"100724","Alabama State University","2010","Not applicable","44","34","63469","24","360","440","320","420","13","17",,,
"100830","Auburn University at Montgomery","2010","Not applicable","95","65","63853","25",,,,,"18","23",,,
"101189","Faulkner University","2010","Churches of Christ","51","46","61698","37","465","530","470","530","18","28","36216446","14752546","17540218"
"101480","Jacksonville State University","2010","Not applicable","84","54","59865","33","420","540","430","530","18","25",,,
"101587","University of West Alabama","2010","Not applicable","41","91","53191","28",,,,,"18","24",,,
"101709","University of Montevallo","2010","Not applicable","72","44","59799","41",,,,,"20","26",,,
"101879","University of North Alabama","2010","Not applicable","87","49","63576","33","475","578","420","563","19","24",,,
"102049","Samford University","2010","Baptist","87","34","70686","73","520","640","515","620","23","29","123327778","57869330","255706463"
"102368","Troy University","2010","Not applicable","70","77","56561","37",,,,,"18","23",,,
"102377","Tuskegee University","2010","Not applicable","60","44","56697","46","390","490","390","480","17","21","119607385","35584330","86116999"
"102553","University of Alaska Anchorage","2010","Not applicable",,,"73642","25",,,,,,,,,
"102632","University of Alaska Southeast","2010","Not applicable",,,"64998","14",,,,,,,,,
"102669","Alaska Pacific University","2010","United Methodist","33","5","56188","27","480","600","460","570","20","25","16248744","5839011","50618868"
"105367","Ottawa University-Phoenix","2010","American Baptist",,,"48747",,,,,,,,,,
"105589","Prescott College","2010","Not applicable","99","21","43289","43","510","670","480","570","20","28","17620490","7202842","844290"
"106458","Arkansas State University-Main Campus","2010","Not applicable","68","57","56153","33","450","550","480","580","19","25",,,
"106467","Arkansas Tech University","2010","Not applicable","91","55","52976","36","415","550","490","600","19","25",,,
"106485","University of Arkansas at Monticello","2010","Not applicable",,,"47700","24",,,,,,,,,
"106704","University of Central Arkansas","2010","Not applicable","94","49","54241","42",,,,,"20","27",,,
"107044","Harding University","2010","Churches of Christ","73","68","59487","67","490","630","485","630","22","28","97901264","43907936","87179428"
"107071","Henderson State University","2010","Not applicable","63","40","52890","33","380","620","500","560","19","24",,,
"107141","John Brown University","2010","Not applicable","71","44","53533","61","480","600","490","600","22","28","39776978","12211714","55484061"
"107983","Southern Arkansas University Main Campus","2010","Not applicable","67","41","51455","32","420","530","460","610","18","24",,,
"110361","California Baptist University","2010","Southern Baptist","71","49","67832","54","400","550","450","550","17","23","76974040","29172818","10959803"
"110413","California Lutheran University","2010","Evangelical Lutheran Church","47","19","77624","65","500","590","520","610","22","27","73879361","26828779","49672968"
"110422","California Polytechnic State University-San Luis Obispo","2010","Not applicable","37","33","80224","73","540","630","570","670","24","29",,,
"110486","California State University-Bakersfield","2010","Not applicable","71","34","75085","43","390","500","390","520","16","21",,,
"110495","California State University-Stanislaus","2010","Not applicable","37","60","74388","49","410","520","420","540","17","22",,,
"110510","California State University-San Bernardino","2010","Not applicable","23","87","78508","44","400","500","400","500","16","21",,,
"110529","California State Polytechnic University-Pomona","2010","Not applicable","61","23","84615","57","450","560","480","620","20","26",,,
"110538","California State University-Chico","2010","Not applicable","81","22","77406","62","450","550","460","570","19","24",,,
"110547","California State University-Dominguez Hills","2010","Not applicable","59","20","76991","31","370","460","360","470","15","19",,,
"110574","California State University-East Bay","2010","Not applicable","73","23","79522","45","400","510","400","520","16","22",,,
"110583","California State University-Long Beach","2010","Not applicable","32","24","79282","54","440","560","460","590","18","24",,,
"110592","California State University-Los Angeles","2010","Not applicable","67","14","82261","37","380","480","380","490","15","20",,,
"110608","California State University-Northridge","2010","Not applicable","73","28","78673","48","410","520","400","540","16","22",,,
"110617","California State University-Sacramento","2010","Not applicable","80","23","76799","42","410","530","430","550","17","23",,,
"111948","Chapman University","2010","Christian Church (Disciples of Christ)","50","29","98093","70","540","640","550","660","25","29","171495583","89311771",
"112075","Concordia University-Irvine","2010","Lutheran Church - Missouri Synod","64","25","53502","52","450","560","450","560","18","24","40827291","14264383","10830195"
"113698","Dominican University of California","2010","Not applicable","56","21","72933","55","460","560","460","560","20","25","48183079","22685633","19359014"
"114813","Fresno Pacific University","2010","Mennonite Brethren Church","76","31","52359","63","420","540","420","560","18","24","39388950","16122617","9094571"
"115083","Golden Gate University-San Francisco","2010","Not applicable",,,"101144",,,,,,,,"54353166","19712102","49765984"
"115728","Holy Names University","2010","Roman Catholic","84","29","67129","30","413","500","400","508","17","21","20434912","6323819","8372234"
"115755","Humboldt State University","2010","Not applicable","84","18","75229","37","470","590","460","570","19","25",,,
"116712","John F. Kennedy University","2010","Not applicable",,,"50010",,,,,,,,"23526603","9082315","2653947"
"117627","La Sierra University","2010","Seventh Day Adventists","53","42","63071","27","410","520","420","540","17","22","54472004","16841367","15012905"
"117751","The Master's University and Seminary","2010","Interdenominational","83","53","69107","60","480","630","480","610","22","27","29240848","11086328","10877872"
"117946","Loyola Marymount University","2010","Roman Catholic","54","25","95116","80","550","640","560","660","25","29","278951002","111666352","330286477"
"118888","Mills College","2010","Not applicable","57","17","96542","61","520","650","490","600","21","27","66122029","21967042","165376656"
"119058","Middlebury Institute of International Studies at Monterey","2010","Not applicable",,,"61892",,,,,,,,,,
"119173","Mount Saint Mary's University","2010","Roman Catholic","73","40","70020","62","460","540","450","530","19","22","54041751","17601655","79628244"
"119605","National University","2010","Not applicable",,,"70857","0",,,,,,,"162506498","61632242","329317483"
"120184","Notre Dame de Namur University","2010","Roman Catholic","73","16","65427","48","420","520","410","520","17","22","27010381","8198336","10134689"
"120537","Hope International University","2010","Christian Churches and Churches of Christ","54","47","48547","29","392","510","405","514","16","25","17306256","5201457","3592498"
"121309","Point Loma Nazarene University","2010","Church of the Nazarene","55","31","79776","84","520","620","510","620","23","28","74640141","24593382","29813891"
"121691","University of Redlands","2010","Not applicable","67","27","77089","64","500","600","510","610","22","26","107612653","43258561","94237427"
"122755","San Jose State University","2010","Not applicable","74","17","84102","48","440","540","460","580","18","24",,,
"122931","Santa Clara University","2010","Roman Catholic","59","18","103658","87","550","660","570","680","26","30","253701000","106299000","603618000"
"123457","Simpson University","2010","Christ and Missionary Alliance Church","65","49","51284","43","440","550","440","550","18","25","18019469","6376315","3815844"
"123554","Saint Mary's College of California","2010","Roman Catholic","75","24","88185","64","490","610","500","610","21","27","100850075","42364518","111179754"
"123572","Sonoma State University","2010","Not applicable","77","17","76795","57","460","560","470","570","20","25",,,
"123651","Vanguard University of Southern California","2010","Assemblies of God Church","79","43","63528","59","480","540","450","560","19","24","38100397","15230658","3827069"
"125897","Woodbury University","2010","Not applicable","38","38","80883","53","471","740","488","790","21","28","35080535","16315952","13441152"
"126182","Adams State University","2010","Not applicable","55","38","52825","27","420","510","430","520","17","22",,,
"126580","University of Colorado Colorado Springs","2010","Not applicable","65","38","64243","45","480","590","490","600","21","26",,,
"126669","Colorado Christian University","2010","Undenominational","31","42","54050","43",,,,,,,"34138602","12350236","2114401"
"126827","Colorado Technical University-Colorado Springs","2010","Not applicable",,,"61973","14",,,,,,,,,
"127565","Metropolitan State University of Denver","2010","Not applicable","72","48","60554","20","450","570","430","590","18","23",,,
"127653","Naropa University","2010","Not applicable","92","51","47297","56",,,,,,,"18622992","7944714","3906832"
"127918","Regis University","2010","Roman Catholic","72","24","64969","61","480","580","470","590","21","26","115514232","39836254","41018157"
"128106","Colorado State University-Pueblo","2010","Not applicable","95","40","56983","31","420","550","430","570","18","23",,,
"128391","Western State Colorado University","2010","Not applicable","66","39","54295","36","450","550","460","550","19","24",,,
"128498","Albertus Magnus College","2010","Roman Catholic","79","30","55484","52","425","470","420","445",,,"25636781","9381729","3749440"
"128744","University of Bridgeport","2010","Not applicable","57","17","68403","27","410","490","410","490","17","20","73803000","29290000","13111000"
"128771","Central Connecticut State University","2010","Not applicable","60","33","78871","48","460","540","470","570",,,,,
"129215","Eastern Connecticut State University","2010","Not applicable","65","41","77339","52","460","560","500","560",,,,,
"129242","Fairfield University","2010","Roman Catholic","65","16","90381","83","520","610","530","630","23","27","156122000","48637000","223396000"
"129428","Rensselaer at Hartford","2010","Not applicable",,,"98525",,,,,,,,"19290000","5170000","5120000"
"129941","University of New Haven","2010","Not applicable","74","19","78211","53","470","570","480","580","20","25","118004788","44961827","17555099"
"130183","Post University","2010","Not applicable","56","87","63942","28","360","460","360","460","16","21",,,
"130226","Quinnipiac University","2010","Not applicable","72","16","94714","78","490","580","500","610","22","26","191725485","74412530","223494676"
"130253","Sacred Heart University","2010","Roman Catholic","66","19","71476","67","434","523","417","511",,,"119275122","41920276","82766978"
"130314","University of Saint Joseph","2010","Roman Catholic","81","22","68071","42","450","550","440","530","17","19","41350000","13187000","15495000"
"130493","Southern Connecticut State University","2010","Not applicable","71","31","75160","42","430","530","420","530","18","23",,,
"130776","Western Connecticut State University","2010","Not applicable","63","37","81776","44","450","540","450","540",,,,,
"130934","Delaware State University","2010","Not applicable","41","27","65035","39","400","470","400","480","15","19",,,
"131399","University of the District of Columbia","2010","Not applicable",,,"78436","8",,,,,,,,,
"131450","Gallaudet University","2010","Not applicable","55","73","92217","35","390","543","400","525","15","20","135636281","48099650","152358848"
"131803","Strayer University-District of Columbia","2010","Not applicable",,,"67190","5",,,,,,,,,
"131876","Trinity Washington University","2010","Roman Catholic","82","46","58172","35",,,,,,,"26252051","8354635","17454457"
"132657","Lynn University","2010","Not applicable",,,"47355","43",,,,,,,"61852755","19876618","18932535"
"133553","Embry-Riddle Aeronautical University-Daytona Beach","2010","Not applicable","80","30","70674","54","470","580","500","630","21","27","260447000","127374000","63856440"
"134079","Florida Southern College","2010","United Methodist","67","31","60834","52","480","570","480","580","20","26","52434809","14579820","55850429"
"134149","Everest University-Pompano Beach","2010","Not applicable","97","79","19671","23",,,,,,,,,
"134237","Full Sail University","2010","Not applicable",,,"36366","85",,,,,,,,,
"134945","Jacksonville University","2010","Not applicable","41","16","63172","40","460","550","470","560","19","24","64536962","24062292","25664907"
"135081","Keiser University-Ft Lauderdale","2010","Not applicable","72","100","48235","74",,,,,,,,,
"136172","University of North Florida","2010","Not applicable","51","34","60827","47","530","620","530","610","22","25",,,
"136330","Palm Beach Atlantic University","2010","Interdenominational","80","42","62359","54","470","573","460","570","20","25","61855261","22439918","62465042"
"136950","Rollins College","2010","Not applicable","56","22","77218","69","560","650","560","650","24","29","99941000","36090000","285420000"
"137032","Saint Leo University","2010","Roman Catholic","78","31","61210","45","450","540","450","550","20","24","110013164","40923705","12013220"
"137476","St Thomas University","2010","Roman Catholic","59","60","83102","40","390","480","383","480","16","19","52385393","19154980","15921015"
"137546","Stetson University","2010","Not applicable","51","28","83316","61","490","620","480","610","21","26","109371966","43290384","122971135"
"137564","Southeastern University","2010","Assemblies of God Church",,,"58981","46",,,,,,,"45127675","12628744","4419967"
"137847","The University of Tampa","2010","Not applicable","53","21","71847","59","490","570","490","590","21","26","114758908","42516917","23252664"
"138716","Albany State University","2010","Not applicable","42","37","56024","45","420","480","400","470","17","19",,,
"138789","Armstrong State University","2010","Not applicable","56","56","55024","28","460","560","440","550","18","23",,,
"139144","Berry College","2010","Not applicable","64","35","62029","60","540","640","520","630","23","29","73576941","25398426","600522602"
"139199","Brenau University","2010","Not applicable","22","38","55658","46","450","540","420","540","18","22","32301594","13443429","26116378"
"139311","Clayton  State University","2010","Not applicable","37","53","62015","22","440","520","430","510","18","21",,,
"139366","Columbus State University","2010","Not applicable","56","64","59859","34","430","550","420","540","17","22",,,
"139579","South University-Savannah","2010","Not applicable","80","92","59439","16",,,,,,,,,
"139719","Fort Valley State University","2010","Not applicable","33","44","58566","34","355","502","349","498","15","21",,,
"139764","Georgia Southwestern State University","2010","Not applicable","68","54","56058","31","450","540","440","540","17","22",,,
"139861","Georgia College & State University","2010","Not applicable","79","47","57258","59","530","610","530","610","22","26",,,
"140818","Piedmont College","2010","United Church of Christ","61","39","53419","42","460","570","460","570","20","24","27234786","13941279","43294711"
"140960","Savannah State University","2010","Not applicable",,,"54997","35",,,,,,,,,
"141167","Thomas University","2010","Not applicable",,,"53941","19",,,,,,,"11073668","4909727","3313643"
"141486","Chaminade University of Honolulu","2010","Roman Catholic","90","27","60590","46","430","510","430","540","18","23","35082443","11856289","8028284"
"141565","University of Hawaii at Hilo","2010","Not applicable","52","44","70745","33","410","540","420","550","18","23",,,
"141644","Hawaii Pacific University","2010","Not applicable","78","23","70708","39","440","570","450","580","19","26","90312717","30338707","70397475"
"142461","Northwest Nazarene University","2010","Church of the Nazarene",,,"51598","54",,,,,,,"35986947","15031113","21912043"
"143118","Aurora University","2010","Not applicable","73","37","62626","54","450","520","440","510","20","24","55502653","20232870","39149947"
"143358","Bradley University","2010","Not applicable","72","25","72116","73","480","640","490","650","22","28","131781594","66329865","202044544"
"144005","Chicago State University","2010","Not applicable","47","37","59035","14",,,,,"16","18",,,
"144281","Columbia College Chicago","2010","Not applicable",,,"70846","40",,,,,,,"228147668","123257124","96413103"
"144351","Concordia University-Chicago","2010","Lutheran Church - Missouri Synod","49","20","43683","59","480","590","470","580","19","24","52144543","28946359","13518895"
"144892","Eastern Illinois University","2010","Not applicable","66","30","64924","62",,,,,"19","23",,,
"144962","Elmhurst College","2010","United Church of Christ","74","29","67008","70","470","580","520","610","21","27","66456399","24507359","76976852"
"145336","Governors State University","2010","Not applicable",,,"70110",,,,,,,,,,
"145372","Greenville University","2010","Free Methodist","78","33","49877","59","408","540","418","570","18","25","22384078","8828428","11875012"
"146339","Judson University","2010","Baptist","66","45","57393","61","460","550","490","620","21","26","22582346","10603909","8743110"
"146612","Lewis University","2010","Roman Catholic","69","32","75420","58","440","510","460","560","20","24","98679868","43404258","34755517"
"147013","McKendree University","2010","United Methodist","68","37","58928","53","430","520","400","640","19","25","31593971","13249750","23131909"
"147660","North Central College","2010","United Methodist","68","29","67912","68","470","630","500","630","22","27","55996553","20330485","78969006"
"147679","North Park University","2010","Evangelical Covenant Church of America","34","81","62410","58","500","610","470","600","19","25","51085359","15403130","55585159"
"147776","Northeastern Illinois University","2010","Not applicable","65","31","57947","20",,,,,"16","21",,,
"147828","Olivet Nazarene University","2010","Church of the Nazarene","81","34","58731","60",,,,,"20","27","66365420","22108500","15780001"
"148131","Quincy University","2010","Roman Catholic","91","29","46177","44","400","500","420","550","19","24","23931922","9132728","13314589"
"148335","Robert Morris University Illinois","2010","Not applicable","80","38","60558","79",,,,,,,"90336007","19314166","44235921"
"148405","Rockford University","2010","Not applicable","43","28","50650","40","515","620","525","563","19","24","20400880","7142919","9326831"
"148487","Roosevelt University","2010","Not applicable","50","28","72805","48","513","628","470","580","19","25","115829189","41584902","68548440"
"148496","Dominican University","2010","Roman Catholic","61","28","65109","65","450","570","445","560","20","25","52896566","25847036","17654706"
"148584","University of St Francis","2010","Roman Catholic","46","33","66088","59","470","520","490","560","20","26","39001615","17403404","28968020"
"148627","Saint Xavier University","2010","Roman Catholic","53","12","71314","56","480","600","470","590","20","25","78870802","29788838","7301994"
"148654","University of Illinois at Springfield","2010","Not applicable","59","38","62864","68",,,,,"20","25",,,
"149231","Southern Illinois University-Edwardsville","2010","Not applicable","82","34","63710","51",,,,,"20","25",,,
"149772","Western Illinois University","2010","Not applicable","65","32","69198","58",,,,,"18","23",,,
"150066","Anderson University","2010","Church of God","79","32","56015","57","450","570","460","590","20","25","50496000","19748000","22019000"
"150145","Bethel College-Indiana","2010","Missionary Church Inc","72","38","49584","58","440","570","450","580","19","25","30869353","12317708","7600372"
"150163","Butler University","2010","Not applicable","73","21","68789","73","520","620","530","630","25","30","123860000","53696000","135892000"
"150172","Calumet College of Saint Joseph","2010","Roman Catholic",,,"49824","23",,,,,,,"13005401","4142969","3079217"
"150534","University of Evansville","2010","United Methodist","84","23","65959","66","510","610","520","620","23","28","67144833","26990305","68548340"
"150677","Grace College and Theological Seminary","2010","Brethren Church","74","20","49210","59","450","580","450","580","20","27","22673837","6179149","8091042"
"151102","Indiana University-Purdue University-Fort Wayne","2010","Not applicable","95","60","64049","25","430","530","430","550","19","25",,,
"151263","University of Indianapolis","2010","United Methodist","69","21","59736","50","440","550","450","570","19","25","81978001","37221196","60039015"
"151306","University of Southern Indiana","2010","Not applicable","74","40","58407","32","430","530","430","550","18","23",,,
"151342","Indiana University-South Bend","2010","Not applicable","69","59","54034","25","410","520","420","520","18","23",,,
"151360","Indiana University-Northwest","2010","Not applicable","77","63","61095","19","390","500","380","500","16","23",,,
"151379","Indiana University-Southeast","2010","Not applicable","81","55","62579","27","420","530","420","530","17","22",,,
"151388","Indiana University-East","2010","Not applicable","60","59","54274","18","400","510","420","520","18","23",,,
"151786","Marian University","2010","Roman Catholic","54","30","49383","54","460","570","480","570","19","23","34584234","13707164","16664544"
"151801","Indiana Wesleyan University-Marion","2010","Wesleyan","73","55","57793","66","470","590","470","590","21","27","141092178","55115303","62799539"
"152248","Purdue University-Calumet Campus","2010","Not applicable","48","55","66642","25","430","530","430","530",,,,,
"152336","University of Saint Francis-Fort Wayne","2010","Roman Catholic","56","41","51219","61","440","530","450","540","19","24","32210028","17492457","12314137"
"152600","Valparaiso University","2010","Lutheran Church in America","85","23","69004","70","490","600","510","620","23","29","105576565","38746314","140406299"
"153269","Drake University","2010","Not applicable","65","23","77552","73","530","650","550","670","24","30","118954937","36294421","135714667"
"153278","University of Dubuque","2010","Presbyterian Church (USA)","76","42","56737","46","440","550","420","550","18","23","36965028","11522513","57061860"
"153366","Graceland University-Lamoni","2010","Other (none of the above)","39","38","47447","49","410","500","390","510","18","24","36236804","14557529","41410524"
"153861","Maharishi University of Management","2010","Not applicable","52","83","11968","72",,,,,,,"25699000","5549000","8524000"
"154004","Morningside College","2010","United Methodist","59","23","54099","50",,,,,"20","25","28648058","8701131","32651398"
"154013","Mount Mercy University","2010","Roman Catholic","70","45","54588","62",,,,,"20","25","25528726","9368441","19637030"
"154022","Ashford University","2010","Not applicable","67","75","45722","34","330","570","420","490","18","22",,,
"154095","University of Northern Iowa","2010","Not applicable","83","58","65291","67","468","618","483","600","21","25",,,
"154235","Saint Ambrose University","2010","Roman Catholic","84","30","63188","62",,,,,"20","25","62707772","25744505","90044601"
"154493","Upper Iowa University","2010","Not applicable","64","27","52365","38",,,"450","500","18","23","42335039","17606489","6915594"
"154590","William Penn University","2010","Friends","60","55","42420","23","350","450","380","490","16","22","21901845","7791293","6987141"
"154688","Baker University","2010","United Methodist","50","32","52454","69","453","543","498","555","20","26","36183334","15197135","30276136"
"155025","Emporia State University","2010","Not applicable","88","54","56712","40",,,,,"19","25",,,
"155061","Fort Hays State University","2010","Not applicable","91","45","53628","40",,,,,"18","24",,,
"155089","Friends University","2010","Not applicable","61","48","55935","28","340","460","350","550","18","25","35117000","11795530","38141000"
"155335","Newman University","2010","Roman Catholic","45","19","51200","29","460","570","470","590","20","26","21481611","7777367","15913854"
"155520","MidAmerica Nazarene University","2010","Church of the Nazarene","94","37","49941","51","410","540","440","550","20","25","29152407","11218433","6232729"
"155681","Pittsburg State University","2010","Not applicable","86","55","60269","54",,,,,"19","24",,,
"155812","University of Saint Mary","2010","Roman Catholic","68","27","45475","34","410","500","410","560","18","24","15270376","4188200","9568935"
"155900","Southwestern College","2010","United Methodist","92","58","52437","52","390","460","417","500","18","24","24092180","7674199","18668089"
"156082","Washburn University","2010","Not applicable","100","47","66844","41",,,,,"18","23",,,
"156213","Asbury University","2010","Not applicable","66","34","53850","63","513","670","490","610","21","27","28286798","10763678","29525885"
"156286","Bellarmine University","2010","Roman Catholic","51","16","66523","69","480","610","500","605","22","26","51624417","23525087","33744192"
"156365","Campbellsville University","2010","Southern Baptist","65","37","46777","42","400","530","420","510","18","23","32483261","11425646","8105914"
"156620","Eastern Kentucky University","2010","Not applicable","69","45","60419","37","440","560","450","560","19","23",,,
"157216","Lindsey Wilson College","2010","United Methodist",,,"52324","23",,,,,,,"29863300","11076866","9185544"
"157377","Midway University","2010","Christian Church (Disciples of Christ)","63","21","47049","40","440","490","470","500","18","22","14237407","6863306","9434153"
"157386","Morehead State University","2010","Not applicable","79","58","54658","34","440","560","460","570","19","24",,,
"157401","Murray State University","2010","Not applicable","73","45","59916","54","468","573","468","563","19","25",,,
"157447","Northern Kentucky University","2010","Not applicable","66","48","64682","34","430","553","440","550","19","24",,,
"157793","Sullivan University","2010","Not applicable",,,"48378",,,,,,,,,,
"157809","Thomas More College","2010","Roman Catholic","86","39","53701","45","450","570","460","580","20","26","33295387","6992006","12730408"
"157863","Union College","2010","United Methodist","25","69","41237","31","463","495","425","610","18","22","17753901","6261691","16674227"
"157951","Western Kentucky University","2010","Not applicable","95","46","61371","49","430","540","430","550","18","24",,,
"159009","Grambling State University","2010","Not applicable","31","56","57075","27","390","498","390","500","16","20",,,
"159416","Louisiana State University-Shreveport","2010","Not applicable","82","69","53330","28","480","570","500","580","20","24",,,
"159568","Louisiana College","2010","Southern Baptist","51","60","49074","46","420","600","420","600","17","24","20012232","8159366","28061484"
"159656","Loyola University New Orleans","2010","Roman Catholic","57","26","76711","57","570","670","540","650","24","29","116852574","41858923","251072000"
"159717","McNeese State University","2010","Not applicable","68","67","59309","35","440","550","450","610","19","23",,,
"159966","Nicholls State University","2010","Not applicable","78","61","51782","33","450","570","440","610","20","24",,,
"160038","Northwestern State University of Louisiana","2010","Not applicable","83","52","54576","35","440","560","440","560","19","23",,,
"160612","Southeastern Louisiana University","2010","Not applicable","42","80","59336","33",,,,,"20","24",,,
"160621","Southern University and A & M College","2010","Not applicable","37","59","56656","21",,,"400","490","17","20",,,
"160630","Southern University at New Orleans","2010","Not applicable","49","71","51399","4",,,,,"13","16",,,
"160904","Xavier University of Louisiana","2010","Roman Catholic","69","33","71963","34","430","530","420","530","18","23","95492750","23968488","117340547"
"161457","University of New England","2010","Not applicable","85","24","65592","55","460","560","470","580","20","26","104754665","41671609","23369720"
"161518","Saint Joseph's College of Maine","2010","Roman Catholic","93","24","51733","55","440","530","430","540",,,"30767448","13713901","10209461"
"161554","University of Southern Maine","2010","Not applicable","78","25","74643","35","440","550","440","550","19","22",,,
"161563","Thomas College","2010","Not applicable","72","39","49805","37","380","500","390","500","15","21","11365002","2625157","6479854"
"161873","University of Baltimore","2010","Not applicable","58","41","96776",,"420","530","410","520","17","20",,,
"162007","Bowie State University","2010","Not applicable","52","43","65409","37","410","480","400","480","16","20",,,
"162210","Washington Adventist University","2010","Seventh Day Adventists",,,"46910","28",,,,,,,"25457776","8843806","2447446"
"162283","Coppin State University","2010","Not applicable","54","27","63417","16","400","460","390","460",,,,,
"162584","Frostburg State University","2010","Not applicable","58","40","65973","48","440","530","430","540","17","23",,,
"162760","Hood College","2010","Not applicable","86","26","59500","77","470","600","460","600","20","25","37834952","14218529","51630273"
"163046","Loyola University Maryland","2010","Roman Catholic","55","17","79256","82","545","640","560","650","24","29","166406786","57543534","138726309"
"163204","University of Maryland-University College","2010","Not applicable",,,"57932","9",,,,,,,,,
"163462","Mount St. Mary's University","2010","Roman Catholic","80","15","63245","73","480","590","490","580","19","23","58491580","17379496","37993315"
"163578","Notre Dame of Maryland University","2010","Roman Catholic","61","35","64546","64","460","540","430","540","20","22","35647137","16095395","28075043"
"163851","Salisbury University","2010","Not applicable","53","30","65087","70","520","600","530","610","22","26",,,
"164076","Towson University","2010","Not applicable","57","27","65153","68","490","570","500","590","21","25",,,
"164173","Stevenson University","2010","Not applicable","64","31","65638","62","430","540","420","540","18","23","66398508","26624089","44771893"
"164492","Anna Maria College","2010","Roman Catholic","63","17","53924","46","400","500","410","500","16","20","21573406","6578261","498102"
"164562","Assumption College","2010","Roman Catholic","76","18","63387","72",,,,,,,"62889671","19931868","70241537"
"164632","Bay Path University","2010","Not applicable","65","28","64136","56","420","540","420","522","17","23","23679928","8034405","22909661"
"164739","Bentley University","2010","Not applicable","46","33","104939","88","530","630","590","670","25","28","180545000","65524243","173562000"
"165024","Bridgewater State University","2010","Not applicable","66","32","67994","53","460","550","470","560","20","24",,,
"165167","Cambridge College","2010","Not applicable",,,"65612","0",,,,,,,"40475845","17255354","10069687"
"165529","Curry College","2010","Not applicable","72","17","74838","47","420","500","420","510","18","22","64277181","23941506","49618178"
"165644","Eastern Nazarene College","2010","Church of the Nazarene","67","37","51557","55","440","590","420","570","21","28","21831684","6568945","12257123"
"165662","Emerson College","2010","Not applicable","47","25","77890","80","590","680","560","650","25","30","111360949","36980447","106328308"
"165699","Endicott College","2010","Not applicable","53","27","70241","69","490","580","500","590","20","25","62223107","16738623","31077558"
"165820","Fitchburg State University","2010","Not applicable","64","32","67340","52","460","560","460","560","19","23",,,
"165866","Framingham State University","2010","Not applicable","66","32","64798","51","450","550","460","550","20","25",,,
"166391","Lasell College","2010","Not applicable","68","21","66237","51","450","540","450","540","20","23","38366721","10394680","24248401"
"166692","Massachusetts Maritime Academy","2010","Not applicable","50","56","72323","67","470","570","500","600","21","25",,,
"166850","Merrimack College","2010","Roman Catholic","78","16","67992","64",,,,,,,"57343861","20138705","30837487"
"167394","College of Our Lady of the Elms","2010","Roman Catholic","85","38","52188","62","410","510","410","500","16","21","18079951","6837788","7274981"
"167729","Salem State University","2010","Not applicable","57","31","69448","42","440","550","450","543","19","24",,,
"167783","Simmons College","2010","Not applicable","54","19","81045","68","500","600","500","590","21","27","117075235","55235678","125800"
"167899","Springfield College","2010","Not applicable","69","36","69846","65","450","550","470","580",,,"95147033","44996026","40972205"
"168227","Wentworth Institute of Technology","2010","Not applicable","58","26","70098","58","460","570","510","630","21","27","86342666","33138378","66796355"
"168254","Western New England University","2010","Not applicable","81","19","82841","55","480","570","500","600","21","26","86158261","28061671","39088051"
"168263","Westfield State University","2010","Not applicable","63","35","65514","60","440","540","450","550","19","24",,,
"168290","Wheelock College","2010","Not applicable","70","26","67283","60","440","540","430","530","18","24","33419424","13457308","38478491"
"168430","Worcester State University","2010","Not applicable","65","32","67206","45","450","540","470","560","19","24",,,
"168786","Aquinas College","2010","Roman Catholic","79","24","51673","61",,,,,"21","26","33381060","11134934","25888548"
"169479","Davenport University","2010","Not applicable","93","60","57423","23",,,,,,,"113280004","31584779","12940134"
"169716","University of Detroit Mercy","2010","Roman Catholic","63","27","74073","51",,,,,"22","27","127326980","55120200","20576000"
"169910","Ferris State University","2010","Not applicable","54","33","69038","48",,,,,"18","24",,,
"169983","Kettering University","2010","Not applicable","64","20","68847","58","530","650","600","690","24","29","57153104","20612578","53984943"
"170037","Cornerstone University","2010","Interdenominational","69","34","49650","49","480","610","475","620","20","26","32435375","10838297","5138668"
"170082","Grand Valley State University","2010","Not applicable","81","34","62075","61","460","605","500","630","22","26",,,
"170675","Lawrence Technological University","2010","Not applicable","50","41","68709","46",,,,,"21","27","57675366","25239974","23426501"
"170806","Madonna University","2010","Roman Catholic","74","36","61073","41","480","670","470","630","19","23","38207419","20139793","23257688"
"170842","Marygrove College","2010","Roman Catholic","41","34","55652","39",,,,,"13","17","23669796","9820903","1381047"
"171137","University of Michigan-Dearborn","2010","Not applicable","60","37","80806","52",,,"510","675","21","26",,,
"171146","University of Michigan-Flint","2010","Not applicable","72","37","67653","39","423","548","433","613","19","25",,,
"171456","Northern Michigan University","2010","Not applicable","72","39","65328","45",,,,,"19","25",,,
"172051","Saginaw Valley State University","2010","Not applicable","89","62","66222","43",,,,,"18","24",,,
"172264","Siena Heights University","2010","Roman Catholic","67","26","49917","38",,,,,"18","23","23525097","7201034","6982235"
"172334","Spring Arbor University","2010","Free Methodist","75","22","47298","56","450","680","500","610","20","25","51741687","21330277","8528163"
"173045","Augsburg University","2010","Evangelical Lutheran Church","54","34","61263","60","493","580","493","598","19","25","72366266","30537628","28231904"
"173124","Bemidji State University","2010","Not applicable","78","48","69624","50","460","570","430","570","19","24",,,
"173160","Bethel University","2010","Baptist","94","34","63554","69",,,,,"22","28","104048589","36355005","24139680"
"173328","Concordia University-Saint Paul","2010","Lutheran Church - Missouri Synod","97","38","43247","53","410","610","400","540","18","24","35527528","12411388","18010421"
"173665","Hamline University","2010","United Methodist","77","26","71482","72","450","600","450","595","21","26","87705783","34310183","64800047"
"173920","Minnesota State University-Mankato","2010","Not applicable","88","45","72006","49",,,,,"20","24",,,
"173984","Argosy University-Twin Cities","2010","Not applicable",,,"53838",,,,,,,,,,
"174020","Metropolitan State University","2010","Not applicable","100","19","69806","26",,,,,,,,,
"174233","University of Minnesota-Duluth","2010","Not applicable","76","39","67618","54","460","590","490","640","22","26",,,
"174358","Minnesota State University Moorhead","2010","Not applicable","73","50","66274","42","440","570","500","610","20","24",,,
"174491","University of Northwestern-St Paul","2010","Other Protestant","71","40","54473","68","490","675","495","620","21","27","62155464","18501163","11591948"
"174783","Saint Cloud State University","2010","Not applicable","86","43","73327","47","440","540","450","540","19","24",,,
"174817","Saint Mary's University of Minnesota","2010","Roman Catholic","71","34","58738","59","503","590","483","540","20","26","57783025","23920899","37121188"
"174899","The College of Saint Scholastica","2010","Roman Catholic","80","37","59623","62","450","590","480","580","18","26","62832902","26841367","23363569"
"175005","St Catherine University","2010","Roman Catholic","63","30","57896","67",,,,,"20","25","79310850","33155745","44748508"
"175078","Southwest Minnesota State University","2010","Not applicable","73","42","68747","39",,,,,"19","24",,,
"175272","Winona State University","2010","Not applicable","66","37","67682","54","560","600",,,"21","25",,,
"175342","Alcorn State University","2010","Not applicable","34","40","54485","37","390","480","390","460","16","19",,,
"175421","Belhaven University","2010","Presbyterian Church (USA)","45","30","46940","54","450","600","440","560","20","25","41232928","8225107","4305768"
"175616","Delta State University","2010","Not applicable","73","73","52941","46",,,,,"18","22",,,
"176035","Mississippi University for Women","2010","Not applicable","42","35","49361","39","450","550","520","630","19","24",,,
"176044","Mississippi Valley State University","2010","Not applicable","28","25","50885","27",,,,,"15","19",,,
"176053","Mississippi College","2010","Southern Baptist","63","44","64782","55","450","600","470","600","20","27","63126476","29059562","55783497"
"176479","William Carey University","2010","Baptist","92","22","46868","42","420","490","460","540","20","27","33687993","14254544","9279642"
"176628","Avila University","2010","Roman Catholic","50","32","54409","50","535","560","463","543","20","25","22889901","9538863","7299063"
"176965","University of Central Missouri","2010","Not applicable","82","48","61434","49",,,,,"19","24",,,
"177065","Columbia College","2010","Christian Church (Disciples of Christ)",,,"60675","40",,,,,,,"70617854","44361504","59048545"
"177214","Drury University","2010","Not applicable","73","58","60414","52",,,,,"22","28","56136550","25003116","54989129"
"177339","Evangel University","2010","Assemblies of God Church","68","48","54654","50","430","590","450","580","19","25","32126064","11980792","7279015"
"177418","Fontbonne University","2010","Roman Catholic","90","36","55004","45","413","485","498","568","19","25","35820237","16798056","17389795"
"177940","Lincoln University","2010","Not applicable",,,"50148","23",,,,,,,,,
"178244","Missouri Baptist University","2010","Baptist","63","39","46230","36","400","550","430","545","18","23","23193765","10460781","2700475"
"178615","Truman State University","2010","Not applicable","74","41","60350","70","570","710","560","680","25","30",,,
"178624","Northwest Missouri State University","2010","Not applicable","71","38","55827","50",,,"390","580","20","24",,,
"178721","Park University","2010","Not applicable","71","55","58063","37",,,,,"18","24","68206549","32904927","46525284"
"179043","Rockhurst University","2010","Roman Catholic","78","23","59089","74","500","610","490","630","22","28","87040991","15045591","30290638"
"179326","Southwest Baptist University","2010","Southern Baptist","90","27","49941","52","440","550","430","570","20","25","33610487","14070473","14351620"
"179548","Stephens College","2010","Not applicable","93","41","44029","55","480","640","480","600","19","25","19085920","8486294","25993964"
"179557","Southeast Missouri State University","2010","Not applicable","97","48","57508","48","398","570","433","605","20","25",,,
"179566","Missouri State University-Springfield","2010","Not applicable","77","45","60368","54","490","630","510","650","21","27",,,
"179894","Webster University","2010","Not applicable","74","35","71795","65","500","615","490","633","21","27","178297686","72704793","63958028"
"179964","William Woods University","2010","Christian Church (Disciples of Christ)","79","34","46100","51","460","580","470","563","20","26","24563963","9964122","12841308"
"180179","Montana State University-Billings","2010","Not applicable","98","57","52350","30","450","560","450","560","19","24",,,
"180814","Bellevue University","2010","Not applicable",,,"48322","26",,,,,,,"75998762","24263299","34195144"
"180948","Chadron State College","2010","Not applicable",,,"59202","46",,,,,,,,,
"180984","Concordia University-Nebraska","2010","Lutheran Church - Missouri Synod","72","32","52621","60","460","600","450","590","21","27","25003792","7494674","27418309"
"181002","Creighton University","2010","Roman Catholic","78","26","76213","77","520","630","550","660","24","29","399909000","124238209","253030000"
"181215","University of Nebraska at Kearney","2010","Not applicable","85","51","62870","58","440","510","440","580","20","25",,,
"181446","Nebraska Wesleyan University","2010","United Methodist","78","33","54554","65",,,,,"22","27","34671000","13278000","41706302"
"181534","Peru State College","2010","Not applicable",,,"59521","37",,,,,,,,,
"181604","College of Saint Mary","2010","Roman Catholic","45","50","52773","47",,,,,"19","23","18591975","5158111","6792341"
"181783","Wayne State College","2010","Not applicable",,,"63058","47",,,,,,,,,
"182458","Sierra Nevada College","2010","Not applicable","69","29","62130","34","430","560","440","550","18","23","15605057","4227492","3586305"
"182795","Franklin Pierce University","2010","Not applicable","93","18","59858","49","430","530","430","530","18","24","47933533","18691645","7692969"
"182980","New England College","2010","Not applicable","80","18","58268","39","410","510","390","520","16","20","28931295","9825561","8072565"
"183026","Southern New Hampshire University","2010","Not applicable",,,"72151","45",,,,,,,"91327622","36441155","9879974"
"183062","Keene State College","2010","Not applicable","70","26","74191","53","450","550","450","550",,,,,
"183080","Plymouth State University","2010","Not applicable","76","28","71143","57","430","533","442","530","18","23",,,
"183211","Rivier University","2010","Roman Catholic","79","40","59108","49","420","510","430","520","17","21","29579870","12653728","25413629"
"183910","Caldwell University","2010","Roman Catholic","69","29","66967","48","410","510","410","530","18","23","31948008","10596808","5100444"
"183974","Centenary University","2010","United Methodist","89","37","57828","49","400","510","410","510","16","20","44067000","11236000","2691000"
"184603","Fairleigh Dickinson University-Metropolitan Campus","2010","Not applicable","57","24","75053","50","440","530","450","560",,,"181399474","68337930","23424006"
"184612","Felician University","2010","Roman Catholic","88","23","62218","37","380","480","380","500","17","24","37707512","14654657","4248980"
"184694","Fairleigh Dickinson University-Florham Campus","2010","Not applicable","67","25","70477","58","460","550","470","570",,,,,
"184773","Georgian Court University","2010","Roman Catholic","66","37","68417","58",,,,,,,"47295312","14115929","40257544"
"185129","New Jersey City University","2010","Not applicable","43","40","94771","37","300","480","400","490","17","20",,,
"185262","Kean University","2010","Not applicable","62","42","93076","47","410","500","420","510",,,,,
"185572","Monmouth University","2010","Not applicable","60","25","77858","60","490","570","500","590","22","26","136952114","46693294","53309000"
"186201","Ramapo College of New Jersey","2010","Not applicable","48","36","92997","76","500","600","510","610",,,,,
"186283","Rider University","2010","Not applicable","71","17","96493","64","470","570","480","590","20","25","145318000","59227000","46802000"
"186371","Rutgers University-Camden","2010","Not applicable","55","12","100314","64","480","580","490","590",,,,,
"186432","Saint Peter's University","2010","Roman Catholic","45","15","67422","52","430","520","430","540","18","24","59481039","19927467","25278971"
"186618","College of Saint Elizabeth","2010","Roman Catholic","80","33","63383","66","358","480","360","460",,,"31513111","12947717","18276448"
"186876","Stockton University","2010","Not applicable","69","30","87565","64","470","570","480","600","17","22",,,
"187046","Thomas Edison State University","2010","Not applicable",,,,,,,,,,,,,
"187134","The College of New Jersey","2010","Not applicable","47","30","89842","86","560","670","590","680",,,,,
"187444","William Paterson University of New Jersey","2010","Not applicable","63","34","97710","49","440","530","460","545",,,,,
"187648","Eastern New Mexico University-Main Campus","2010","Not applicable","60","48","53131","24","420","525","430","530","17","23",,,
"187897","New Mexico Highlands University","2010","Not applicable",,,"52681","19",,,,,,,,,
"187967","New Mexico Institute of Mining and Technology","2010","Not applicable","32","89","66555","48","530","690","580","680","24","29",,,
"188182","University of the Southwest","2010","Not applicable",,,"38586","64",,,,,,,"6892480","2377420","3879882"
"188207","Southwestern College","2010","Not applicable",,,"38323",,,,,,,,"1789100","626954",
"188304","Western New Mexico University","2010","Not applicable",,,"50817","17",,,,,,,,,
"188641","Alfred University","2010","Not applicable","70","27","63826","64","480","590","500","610","21","27","65481670","27930104","79795105"
"189705","Canisius College","2010","Roman Catholic","78","24","74708","70","480","600","490","610","22","26","93582958","37769344","84375733"
"190114","Metropolitan College of New York","2010","Not applicable","48","40","54857","36",,,,,,,"23004420","6719786","416087"
"190512","CUNY Bernard M Baruch College","2010","Not applicable","23","32","101641","61","510","600","580","670",,,,,
"190549","CUNY Brooklyn College","2010","Not applicable","28","20","90024","48","470","580","520","610",,,,,
"190558","College of Staten Island CUNY","2010","Not applicable","99","33","85313","48","440","540","460","560",,,,,
"190567","CUNY City College","2010","Not applicable","31","28","97478","39","440","550","470","600",,,,,
"190594","CUNY Hunter College","2010","Not applicable","26","26","93585","46","510","600","520","620",,,,,
"190600","CUNY John Jay College of Criminal Justice","2010","Not applicable","63","39","86351","40","420","500","430","520",,,,,
"190637","CUNY Lehman College","2010","Not applicable","23","22","87269","35","440","520","460","530",,,,,
"190664","CUNY Queens College","2010","Not applicable","33","29","88778","51","470","570","510","600",,,,,
"190716","D'Youville College","2010","Not applicable","88","24","58932","40","450","550","460","580","21","25","42602627","19039667","22671686"
"190725","Daemen College","2010","Not applicable","61","31","57318","38",,,,,,,"36637022","16732212","5856578"
"190761","Dominican College of Blauvelt","2010","Not applicable","72","29","62734","39","390","490","388","500","19","24","33935219","12031154","900047"
"191126","Fashion Institute of Technology","2010","Not applicable","40","66","86014",,,,,,,,,,
"191931","Iona College","2010","Roman Catholic","60","18","80303","63","540","640","550","650","17","21","86413807","32761218","39098566"
"191968","Ithaca College","2010","Not applicable","69","18","70046","77","530","640","530","630","23","28","192668966","79309500","174490395"
"192192","Keuka College","2010","Baptist","74","46","57358","55",,,,,,,"31732877","10691352","6617557"
"192323","Le Moyne College","2010","Roman Catholic","64","20","73576","74","490","580","500","600","20","25","61146475","25199047","101746493"
"192439","LIU Brooklyn","2010","Not applicable","72","29","91845","17","380","490","390","520","17","23",,"84298742","0"
"192448","LIU Post","2010","Not applicable","82","17","98014","44","440","540","440","560","19","23",,"73094860","0"
"192703","Manhattan College","2010","Roman Catholic","63","18","82577","73","490","580","510","610","22","26","89683677","28864727","46856247"
"192749","Manhattanville College","2010","Not applicable","53","21","70966","63","520","640","510","610","22","26","62936093","19852147","10414922"
"192819","Marist College","2010","Not applicable","40","29","68896","80","530","620","540","630","23","27","130092857","49296661","119601118"
"192925","Medaille College","2010","Not applicable","69","39","57039","53","420","500","410","520","18","23","38179561","15190113","790515"
"193016","Mercy College","2010","Not applicable","59","34","70929","30",,,,,,,"103788228","41250123","23521614"
"193292","Molloy College","2010","Not applicable","59","39","81042","62","460","560","480","570","22","27","63942700","39256268","24092503"
"193308","Monroe College","2010","Not applicable",,,"60898","72",,,,,,,,,
"193353","Mount Saint Mary College","2010","Roman Catholic","77","26","70275","53","440","540","440","550","19","24","48624180","13930392","6080363"
"193399","College of Mount Saint Vincent","2010","Roman Catholic","74","26","67311","66","410","520","400","510",,,"35882114","11978500","6763588"
"193584","Nazareth College","2010","Not applicable","72","26","69931","72",,,,,,,"68457857","28620047","48118464"
"193645","The College of New Rochelle","2010","Not applicable","72","71","70214","30","450","540","450","540","20","22","56409378","17740528","19539540"
"193973","Niagara University","2010","Roman Catholic","76","29","68553","68","490","580","470","570","20","25","71468929","24660303","63681167"
"194091","New York Institute of Technology","2010","Not applicable","75","27","97288","48","440","540","470","610","20","26","210588486","99654767","46795078"
"194161","Nyack College","2010","Christ and Missionary Alliance Church","100","53","57242","42","390","505","370","520","15","22","43826242","18105845","7585114"
"194958","Roberts Wesleyan College","2010","Free Methodist","58","26","55156","59","470","610","480","580","21","28","34416412","18044262","13182360"
"195128","The Sage Colleges","2010","Not applicable","68","32","53023","60","430","550","440","550","19","24","44466773","17601159","26750057"
"195164","St Bonaventure University","2010","Roman Catholic","78","28","56415","68","460","570","470","580","20","26","50729018","17316423","42382256"
"195234","The College of Saint Rose","2010","Not applicable",,,"63771","71",,,,,,,"84350729","42817293","24930827"
"195243","St. Thomas Aquinas College","2010","Not applicable","79","22","77347","49","420","520","430","530","18","24","28014191","11494094","26766415"
"195544","St. Joseph's College-New York","2010","Not applicable","75","37","73927","67","470","570","460","570","20","25","68710000","30261000","40341000"
"196112","SUNY Polytechnic Institute","2010","Not applicable","34","32","84439","57","460","560","500","600","21","26",,,
"196121","SUNY College at Brockport","2010","Not applicable","42","26","73158","65","470","570","490","580","21","25",,,
"196130","SUNY Buffalo State","2010","Not applicable","42","30","74762","47","440","530","440","540","18","23",,,
"196149","SUNY Cortland","2010","Not applicable","42","24","67400","61","510","590","480","560","20","24",,,
"196158","SUNY at Fredonia","2010","Not applicable","49","34","69580","64","500","590","510","600","21","25",,,
"196167","SUNY College at Geneseo","2010","Not applicable","38","27","74147","77","600","690","620","700","27","30",,,
"196176","State University of New York at New Paltz","2010","Not applicable","34","20","68855","67","520","610","520","610","23","27",,,
"196185","SUNY Oneonta","2010","Not applicable","41","22","63607","65","500","580","510","600","22","25",,,
"196194","SUNY College at Oswego","2010","Not applicable","47","28","70132","60","530","600","530","600","21","25",,,
"196200","SUNY College at Potsdam","2010","Not applicable","62","29","63856","54",,,,,,,,,
"196237","SUNY College at Old Westbury","2010","Not applicable","49","22","79893","39","440","530","460","550","20","23",,,
"196246","SUNY College at Plattsburgh","2010","Not applicable","45","29","70043","59","460","570","480","570","20","24",,,
"196264","SUNY Empire State College","2010","Not applicable","72","60","64612","33",,,,,,,,,
"196291","SUNY Maritime College","2010","Not applicable","56","40","66552","51","490","560","540","600","20","24",,,
"196592","Touro College","2010","Not applicable","58","31","79271","61",,,,,,,"198488000","85086880","1901000"
"196680","Excelsior College","2010","Not applicable",,,,,,,,,,,"61298336","9186121","492994"
"197045","Utica College","2010","Not applicable","79","22","63894","47","420","520","420","530","18","23","58805890","23400916","18369215"
"197197","Wagner College","2010","Lutheran Church in America","65","29","68170","66","530","640","520","650","22","28","62575097","20788854","41607893"
"197869","Appalachian State University","2010","Not applicable","63","33","68640","66","530","620","540","630","22","26",,,
"198136","Campbell University","2010","Baptist","62","22","59995","48","556","677","378","652","14","26","82718823","36764946","107783428"
"198507","Elizabeth City State University","2010","Not applicable","79","34","67859","42","370","450","380","470","15","18",,,
"198516","Elon University","2010","Not applicable","49","29","73250","81","560","650","560","660",,,"141950536","68537761","103448120"
"198543","Fayetteville State University","2010","Not applicable","69","36","68710","34","370","440","390","460","15","19",,,
"198835","Lenoir-Rhyne University","2010","Evangelical Lutheran Church","75","18","55577","45","430","540","450","560","17","23","29516899","10622342","59356002"
"198969","Methodist University","2010","United Methodist","65","24","53773","43","420","540","450","570","16","21","37492816","13604030","13931560"
"199032","Montreat College","2010","Presbyterian Church (USA)","50","35","45949","26","430","570","440","530","18","23","17776625","4882239","9426469"
"199157","North Carolina Central University","2010","Not applicable","81","38","71544","38","380","460","380","460","15","18",,,
"199218","University of North Carolina Wilmington","2010","Not applicable","58","36","71822","66","530","620","550","630","22","27",,,
"199281","University of North Carolina at Pembroke","2010","Not applicable","79","51","61882","38","410","500","430","510","17","20",,,
"199306","Pfeiffer University","2010","United Methodist","56","26","55173","40","420","520","440","540","16","22","24782605","9282148","12981251"
"199412","Queens University of Charlotte","2010","Presbyterian Church (USA)","55","23","63113","52","460","580","470","570","20","25","44431377","17932236","54503370"
"199759","Southeastern Baptist Theological Seminary","2010",,,,,,,,,,,,,,
"199962","Wingate University","2010","Baptist","88","20","60413","51","440","540","460","570","19","24","38599921","15602484","24710442"
"199999","Winston-Salem State University","2010","Not applicable","57","40","69759","36","410","470","410","480","16","19",,,
"200004","Western Carolina University","2010","Not applicable","44","29","67745","51","460","550","480","560","18","23",,,
"200217","University of Mary","2010","Roman Catholic","95","30","50660","47","425","565","425","580","20","25","36616858","13684042","27138953"
"200253","Minot State University","2010","Not applicable","74","78","56728","39","420","540","450","500","19","24",,,
"201195","Baldwin Wallace University","2010","United Methodist","65","31","65156","71","480","610","490","590","21","26","84634365","34464648","103946340"
"201548","Capital University","2010","Evangelical Lutheran Church","75","26","73845","59","490","600","490","610","22","27","71371474","34438537","53014827"
"202763","The University of Findlay","2010","Church of God","67","34","61520","58","480","600","480","610","20","26","72868861","30165748","21119660"
"203085","Heidelberg University","2010","United Church of Christ","62","24","53763","52","420","560","450","560","19","25","28270597","10312740","32608535"
"203368","John Carroll University","2010","Roman Catholic","81","27","67958","73","490","600","490","600","22","26","82475659","31857432","147101649"
"203580","Lake Erie College","2010","Not applicable","60","29","52403","47","330","520","410","540","17","24","23359666","6446477","6494379"
"203757","Lourdes University","2010","Roman Catholic","77","36","55763","35",,,,,,,"24052567","11241857","6250108"
"203775","Malone University","2010","Friends","76","34","57298","58","470","603","480","610","20","26","39131812","15884866","16092434"
"204194","Mount Vernon Nazarene University","2010","Church of the Nazarene","75","53","52757","60","490","600","470","610","20","25","38556466","16504507","12187377"
"204200","Mount Saint Joseph University","2010","Roman Catholic","65","38","54914","56","430","530","440","540","19","23","37443371","13507859","20008938"
"204264","Muskingum University","2010","Presbyterian Church (USA)","78","27","60462","52","440","560","440","580","19","25","33671482","15231423","52504000"
"204468","Notre Dame College","2010","Roman Catholic","81","29","48613","43","415","513","425","530","17","22","23912766","7845539","6611610"
"204617","Ohio Dominican University","2010","Roman Catholic","59","19","55115","45","420","520","430","570","18","23","37458282","11364792","21141786"
"204936","Otterbein University","2010","United Methodist","82","23","62219","59","490","600","480","590","21","25","58382798","26464991","61307026"
"205957","Franciscan University of Steubenville","2010","Roman Catholic","75","42","60189","68","530","670","520","630","23","28","52240592","15625896","34002443"
"206048","Tiffin University","2010","Not applicable","60","32","55478","39","430","528","433","528","18","23","30280324","7298511","4973932"
"206349","Ursuline College","2010","Roman Catholic","90","54","55192","43","400","500","490","520","18","23","22587735","12035998","18671036"
"206437","Walsh University","2010","Roman Catholic","80","37","53896","56","460","587","480","570","19","24","40664789","15631832","8917194"
"206622","Xavier University","2010","Roman Catholic","69","16","70529","79","500","610","500","620","22","28","144450304","52312845","101047528"
"206695","Youngstown State University","2010","Not applicable",,,"74418","37",,,,,,,,,
"206835","Oklahoma Wesleyan University","2010","Wesleyan","66","13","48447","41","420","540","410","500","18","25","14219994","5812969","2911569"
"206862","Southern Nazarene University","2010","Church of the Nazarene",,,"52183","46",,,,,,,"40318731","15488601","19875815"
"206914","Cameron University","2010","Not applicable",,,"50960","14",,,,,,,,,
"206941","University of Central Oklahoma","2010","Not applicable","78","60","63274","36",,,,,"19","24",,,
"207041","East Central University","2010","Not applicable","92","71","51898","31","410","520","420","570","18","23",,,
"207209","Langston University","2010","Not applicable",,,"56500","27",,,,,,,,,
"207263","Northeastern State University","2010","Not applicable","74","58","53149","28",,,,,"18","22",,,
"207306","Northwestern Oklahoma State University","2010","Not applicable","59","100","50294","31",,,,,"17","22",,,
"207324","Oklahoma Christian University","2010","Churches of Christ","55","51","55535","44",,,"470","620","20","27","50123364","16065373","23894379"
"207458","Oklahoma City University","2010","United Methodist","76","44","61070","52","520","630","520","640","22","28","72664817","36092273","71591113"
"207582","Oral Roberts University","2010","Other Protestant","67","59","51930","58","465","590","455","570","20","26","97865334","21368844","39458381"
"207847","Southeastern Oklahoma State University","2010","Not applicable","83","69","59302","29",,,,,"18","23",,,
"207865","Southwestern Oklahoma State University","2010","Not applicable","91","65","55667","30",,,,,"18","23",,,
"208646","Eastern Oregon University","2010","Not applicable","78","62","54997","32","420","530","410","530","17","22",,,
"208822","George Fox University","2010","Friends","69","30","58426","67","490","630","490","630","20","28","59337102","28587634","16739598"
"209108","Marylhurst University","2010","Roman Catholic","97","73","44549","22",,,,,,,"24172630","7984009","12409942"
"209409","Northwest Christian University","2010","Christian Church (Disciples of Christ)","50","14","40784","35","430","560","430","550","17","24","9873318","2609199","10804677"
"209612","Pacific University","2010","Not applicable","46","42","64231","65","490","590","500","610","21","26","78972576","30482663","45204375"
"209825","University of Portland","2010","Roman Catholic","65","17","66517","77","540","650","540","650",,,"90967000","36650000","79989000"
"210146","Southern Oregon University","2010","Not applicable","78","38","58000","31","450","580","440","560",,,,,
"210331","Corban University","2010","Baptist","41","24","50714","53","480","588","460","588","21","26","19236112","4856325","1639542"
"210429","Western Oregon University","2010","Not applicable","87","47","54296","42","430","540","430","540",,,,,
"210739","DeSales University","2010","Roman Catholic","74","27","65678","64","480","590","490","590","19","24","54983965","21158600","38878148"
"210775","Alvernia University","2010","Roman Catholic","81","31","57657","53","430","530","430","530","17","21","41517205","13886131","14347670"
"211088","Arcadia University","2010","Presbyterian Church (USA)","65","15","74356","62","510","620","500","610","22","27","68903000","30275000","46779000"
"211158","Bloomsburg University of Pennsylvania","2010","Not applicable","64","28","79750","63","450","540","460","560",,,,,
"211352","Cabrini University","2010","Roman Catholic","71","19","59676","51","420","510","420","510","17","21","48871550","19460083","10288235"
"211361","California University of Pennsylvania","2010","Not applicable","60","45","83028","55","430","520","440","530",,,,,
"211431","Carlow University","2010","Roman Catholic","62","27","58470","53","440","540","440","530","18","23","38080915","15144043","11854758"
"211556","Chatham University","2010","Not applicable","62","31","62598","60",,,,,,,"46092897","13767402","48700381"
"211583","Chestnut Hill College","2010","Roman Catholic","89","13","53751","43","440","550","430","540","18","24","35435987","11959887","4980415"
"211644","Clarion University of Pennsylvania","2010","Not applicable","66","45","83779","49","420","520","420","530",,,,,
"211981","Delaware Valley University","2010","Not applicable","67","42","62542","51","450","550","460","550","20","24","46303336","14060679","14354176"
"212115","East Stroudsburg University of Pennsylvania","2010","Not applicable","69","28","78785","58","440","520","450","540",,,,,
"212133","Eastern University","2010","American Baptist","71","37","59520","67","480","590","460","580","19","24","85318895","28847298","17551664"
"212160","Edinboro University of Pennsylvania","2010","Not applicable","74","44","79819","45","410","520","410","510","16","21",,,
"212601","Gannon University","2010","Roman Catholic","80","25","63264","69","450","570","460","590","19","26","65101000","26695000","32629000"
"212656","Geneva College","2010","Reformed Presbyterian Church","80","38","57778","61","470","600","470","590","21","28","35859627","14943000","28217353"
"212832","Gwynedd Mercy University","2010","Roman Catholic","46","32","61590","67","458","540","450","540",,,"33890000","13419000","12214000"
"212984","Holy Family University","2010","Roman Catholic","72","36","65672","54","440","520","430","520","19","22","42723605","18487491","9484865"
"213321","King's College","2010","Roman Catholic","74","29","65503","67",,,,,,,"52699628","19445038","48379151"
"213349","Kutztown University of Pennsylvania","2010","Not applicable","65","30","76680","54","440","530","440","540","18","22",,,
"213367","La Salle University","2010","Roman Catholic","71","25","80331","69","450","560","450","560","18","24","126843697","45138759","56949034"
"213507","Lebanon Valley College","2010","United Methodist","70","25","65907","74",,,,,,,"47656836","17203071","46614607"
"213598","Lincoln University","2010","Not applicable","26","22","71528","36","390","470","380","470","16","19","60132540","18315246","21749656"
"213613","Lock Haven University","2010","Not applicable","72","33","80167","53","420","510","430","530",,,,,
"213783","Mansfield University of Pennsylvania","2010","Not applicable","73","32","81654","45","430","530","430","540","18","23",,,
"213826","Marywood University","2010","Roman Catholic","71","34","66242","63","480","570","480","570",,,"62981644","22813592","31030634"
"213987","Mercyhurst University","2010","Roman Catholic","74","36","54619","70","470","580","470","570","20","26","73685276","29608057","24315000"
"214041","Millersville University of Pennsylvania","2010","Not applicable","58","31","83779","61","480","570","480","580",,,,,
"214069","Misericordia University","2010","Roman Catholic","67","36","64427","67","470","570","490","580","21","25","44227458","15689996","19689944"
"214272","Neumann University","2010","Roman Catholic","93","24","56840","52","390","480","390","480",,,"45120682","13367995","18923980"
"214607","Pennsylvania State University-Penn State Great Valley","2010","Not applicable",,,"100960",,,,,,,,,,
"214713","Pennsylvania State University-Penn State Harrisburg","2010","Not applicable","86","23","79537","64","450","550","470","590","20","24",,,
"215099","Jefferson (Philadelphia University + Thomas Jefferson University)","2010","Not applicable","73","23","73786","61","480","560","490","590","21","25","80630886","32622039","20003504"
"215114","Cairn University-Langhorne","2010","Not applicable","74","49","54636","54","470","570","440","570","17","26","20605805","7721039","8635813"
"215442","Point Park University","2010","Not applicable","74","24","66543","48","460","580","450","560","20","25","68379019","31640517","22236244"
"215691","Rosemont College","2010","Roman Catholic","51","18","47399","61","450","540","420","540","18","23","17572303","4852071","12598732"
"215743","Saint Francis University","2010","Roman Catholic","71","37","58383","69","450","560","460","570","19","24","54942860","17999714","26565191"
"215770","Saint Joseph's University","2010","Roman Catholic","80","22","82162","78","510","600","520","610","22","26","174263669","65755619","145050622"
"215929","University of Scranton","2010","Roman Catholic","74","16","77353","77","510","600","520","620","20","29","128111906","47602586","108506774"
"215947","Seton Hill University","2010","Roman Catholic","66","28","62860","56","450","560","460","570","19","26","34432095","12796634","24361777"
"216010","Shippensburg University of Pennsylvania","2010","Not applicable","69","36","81755","60","440","540","460","550","18","23",,,
"216038","Slippery Rock University of Pennsylvania","2010","Not applicable","63","42","80726","61","460","550","470","560","19","24",,,
"216694","Waynesburg University","2010","Presbyterian Church (USA)","70","29","57442","52","450","550","460","570","20","25","37628709","16196175","41682501"
"216764","West Chester University of Pennsylvania","2010","Not applicable","41","33","78637","65","490","580","500","590",,,,,
"216931","Wilkes University","2010","Not applicable","76","27","72081","64","460","580","480","600",,,"76205741","37789431","32667073"
"217059","York College of Pennsylvania","2010","Not applicable","48","16","74264","62","500","590","490","570","20","24","86066541","37118338","54537547"
"217165","Bryant University","2010","Not applicable","53","26","104057","76","510","590","550","630","23","27","116860000","33099000","126119000"
"217235","Johnson & Wales University-Providence","2010","Not applicable","70","23","64777","56",,,,,,,"291204850","78082819","208104331"
"217402","Providence College","2010","Roman Catholic","67","20","81466","86","520","630","530","640","23","28","136755031","45728754","136039678"
"217420","Rhode Island College","2010","Not applicable","77","41","65679","46","420","520","420","520","16","21",,,
"217518","Roger Williams University","2010","Not applicable","79","15","89809","62","490","570","500","590",,,"131584000","56584000","58560000"
"217536","Salve Regina University","2010","Roman Catholic","70","18","70370","68","510","610","500","580","22","25","58215000","19038000","36021000"
"217633","Anderson University","2010","Baptist","71","40","53130","44","460","580","470","580","19","25","27699121","8428238","27265094"
"217688","Charleston Southern University","2010","Baptist","59","31","51362","34","430","540","430","540","18","23","41225554","14467711","11058619"
"217749","Bob Jones University","2010","Not applicable",,,"33544","60",,,,,,,,,
"217776","Southern Wesleyan University","2010","Wesleyan","94","33","48329","42","440","540","450","550","18","22","24965728","9630033","3464376"
"217819","College of Charleston","2010","Not applicable","70","28","64679","66","560","650","560","640","23","27",,,
"217864","Citadel Military College of South Carolina","2010","Not applicable","79","34","68333","72","480","580","510","600","19","23",,,
"217925","Columbia International University","2010","Not applicable","60","58","41713","63","520","650","480","610","20","25","29146281","5610482","4334398"
"217934","Columbia College","2010","United Methodist","77","27","49493","54","460","580","440","570","19","25","22550690","9133613","18969769"
"217961","Converse College","2010","Not applicable","77","36","44644","57","460","580","450","570","19","24","25468322","9406289","74163127"
"218061","Francis Marion University","2010","Not applicable","60","34","61004","40","420","540","440","540","18","22",,,
"218441","North Greenville University","2010","Southern Baptist","59","55","49235","47","440","670","450","630","20","29","27458586","9679364","14005945"
"218724","Coastal Carolina University","2010","Not applicable","74","28","59873","43","460","550","470","570","19","22",,,
"218733","South Carolina State University","2010","Not applicable","78","25","60175","39","380","470","383","478","15","18",,,
"218964","Winthrop University","2010","Not applicable","65","36","63365","54","470","580","480","570","20","25",,,
"219046","Black Hills State University","2010","Not applicable","89","53","55232","29",,,,,"18","23",,,
"219082","Dakota State University","2010","Not applicable","90","53","58867","44","420","610","460","580","19","25",,,
"219198","Mount Marty College","2010","Roman Catholic","65","60","50476","56","460","540","500","540","19","24","12833410","5481080","13155426"
"219259","Northern State University","2010","Not applicable","93","43","54912","46","400","540","480","580","18","24",,,
"219383","University of Sioux Falls","2010","American Baptist","94","24","48892","50","435","525","455","545","20","25","20904958","7588853","16669849"
"219602","Austin Peay State University","2010","Not applicable","90","59","53452","32","443","550","450","538","19","23",,,
"219709","Belmont University","2010","Interdenominational","81","38","74554","67","530","640","520","630","23","29","103408923","45974909","65541914"
"219718","Bethel University","2010","Cumberland Presbyterian","52","66","38683","0","400","470","420","520","18","23","34035022","17381530","7874660"
"219790","Bryan College-Dayton","2010","Interdenominational","53","48","46516","55","500","630","475","620","21","26","16635846","4914456","5640694"
"219806","Carson-Newman University","2010","Baptist","69","20","48823","53","423","568","460","588","20","26","37863501","13190226","43638385"
"219833","Christian Brothers University","2010","Roman Catholic","49","32","52898","55","480","620","480","630","21","26","40635757","10121542","24795985"
"219949","Cumberland University","2010","Not applicable","56","49","45038","32","440","530","490","590","20","25","17990519","5690613","8568822"
"220215","Freed-Hardeman University","2010","Churches of Christ","100","26","54857","54","450","603","450","553","20","26","34897339","11235961","28104138"
"220516","King University","2010","Presbyterian Church (USA)","67","38","43366","57","430","530","440","540","19","24","20838513","7981261","24446327"
"220552","South College","2010","Not applicable","100","100","59893","27",,,,,,,,,
"220613","Lee University","2010","Church of God","64","76","46381","48","460","600","440","590","20","27","51085315","20326824","8529291"
"220631","Lincoln Memorial University","2010","Not applicable","93","33","52247","32","430","600","470","580","21","26","56501941","28065150","25400852"
"221661","Southern Adventist University","2010","Seventh Day Adventists","80","54","42380","46","460","580","430","560","19","25","63538052","20962074","21111898"
"221740","The University of Tennessee-Chattanooga","2010","Not applicable","68","43","63357","38","470","600","470","580","21","25",,,
"221768","The University of Tennessee-Martin","2010","Not applicable","74","49","57752","45",,,,,"20","24",,,
"221953","Tusculum College","2010","Presbyterian Church (USA)","70","19","42538","37","420","540","420","570","18","24","27310256","7769138","15908835"
"222178","Abilene Christian University","2010","Churches of Christ","53","45","63819","57","500","610","510","520","22","28","105447044","31491742","266135139"
"222628","Amberton University","2010","Undenominational",,,"56210",,,,,,,,"5404540","2527073","19030737"
"222831","Angelo State University","2010","Not applicable","95","50","59120","31","410","530","430","540","18","23",,,
"224004","Concordia University-Texas","2010","Lutheran Church - Missouri Synod","63","31","55651","33","450","560","460","580","20","24","28431989","9194668","12912918"
"224323","University of Dallas","2010","Roman Catholic","91","40","56617","74","550","700","530","650","24","30","48921015","20614892","43864683"
"224545","Texas A&M University-Texarkana","2010","Not applicable","32","58","69730",,"530","550","540","550","23","24",,,
"225247","Hardin-Simmons University","2010","Baptist","35","59","59570","48","450","570","473","580","20","25","35588687","18598824","105727417"
"225399","Houston Baptist University","2010","Southern Baptist","38","15","63279","44","480","580","490","600","21","26","50030606","16282201","76770659"
"225414","University of Houston-Clear Lake","2010","Not applicable",,,"71022",,,,,,,,,,
"225432","University of Houston-Downtown","2010","Not applicable",,,"66023","12",,,,,,,,,
"225502","University of Houston-Victoria","2010","Not applicable","41","36","74967",,"390","505","440","512","16","20",,,
"225627","University of the Incarnate Word","2010","Roman Catholic","68","37","68420","38","430","530","430","540","18","23","89034955","35886113","74183201"
"226152","Texas A & M International University","2010","Not applicable","52","42","65131","40","380","470","410","510","15","20",,,
"226231","LeTourneau University","2010","Interdenominational","59","58","54738","49","490","640","530","660","22","29","49428883","17088249","6621279"
"226383","Lubbock Christian University","2010","Churches of Christ","60","37","50741","48","420","540","430","540","19","24","25750453","8687423","11283355"
"226471","University of Mary Hardin-Baylor","2010","Baptist","37","20","59935","47","460","560","480","580","20","25","51475954","19999896","69689037"
"226833","Midwestern State University","2010","Not applicable","64","48","63301","26","450","750","460","560","19","24",,,
"227331","Our Lady of the Lake University","2010","Roman Catholic","49","29","62222","32","390","490","410","530","17","21","43867877","15951247","23225927"
"227845","Saint Edward's University","2010","Roman Catholic","63","33","71394","69","510","620","500","600","22","27","93142107","38177551","47910279"
"227863","University of St Thomas","2010","Roman Catholic","81","34","68787","47","520","620","510","610","23","27","48314427","21880878","51822976"
"228149","St. Mary's University","2010","Roman Catholic","61","25","81318","60","450","550","470","570","19","24","84772635","31776500","124769237"
"228325","Southwestern Assemblies of God University","2010","Assemblies of God Church","37","72","48052","40",,,,,,,"23488328","8137770","3109815"
"228431","Stephen F Austin State University","2010","Not applicable","50","38","60408","45","430","530","440","540","18","23",,,
"228501","Sul Ross State University","2010","Not applicable",,,"55933","23",,,,,,,,,
"228529","Tarleton State University","2010","Not applicable","56","63","57905","38","420","530","450","550","18","23",,,
"228802","The University of Texas at Tyler","2010","Not applicable","48","49","62009","38","440","560","470","580","20","25",,,
"229018","The University of Texas of the Permian Basin","2010","Not applicable","86","50","60293","32","445","540","460","555","19","23",,,
"229160","Texas Wesleyan University","2010","United Methodist","49","44","76256","36","450","530","450","550","18","23","55382591","26437513","39681959"
"229267","Trinity University","2010","Presbyterian Church (USA)","63","22","82137","78","580","680","590","690","27","31","97044127","35163394","862124419"
"229780","Wayland Baptist University","2010","Southern Baptist","100","67","47329","42","390","505","400","530","17","22","50575203","30128250","58424701"
"229814","West Texas A & M University","2010","Not applicable","72","45","59330","40","420","540","450","560","19","24",,,
"230603","Southern Utah University","2010","Not applicable","81","49","57651","39","450","580","450","570","19","25",,,
"230737","Utah Valley University","2010","Not applicable",,,"59462","15",,,,,,,,,
"230782","Weber State University","2010","Not applicable",,,"59401","41",,,,,,,,,
"230807","Westminster College","2010","Not applicable","78","36","70424","59","500","620","510","630","22","27","56504696","25112639","52750700"
"230852","Champlain College","2010","Not applicable","85","25","67527","67","500","600","500","600","21","26","63314706","19410349","8919277"
"230889","Goddard College","2010","Not applicable","100","62","44265","60",,,,,,,"11450013","4225056","806718"
"230898","Green Mountain College","2010","United Methodist","96","19","48544","47","480","600","460","580","20","25","19553485","5886868","2926034"
"230913","Johnson State College","2010","Not applicable","81","35","61582","29","440","530","420","520","16","22",,,
"230995","Norwich University","2010","Not applicable","66","35","65904","53","470","580","480","590","20","25","93865000","24895000","148450000"
"231712","Christopher Newport University","2010","Not applicable","60","25","66857","60","560","640","560","640","22","27",,,
"232043","Eastern Mennonite University","2010","Mennonite Church","71","38","50931","57","460","580","460","590","20","26","30714491","14304617","16472059"
"232265","Hampton University","2010","Not applicable","37","25","55927","54","407","566","403","565","16","26","141874364","38655182","217702291"
"232423","James Madison University","2010","Not applicable","61","31","67788","82","520","610","530","630","22","27",,,
"232566","Longwood University","2010","Not applicable","73","32","60402","59","480","560","478","510","20","23",,,
"232609","Lynchburg College","2010","Christian Church (Disciples of Christ)","67","19","61949","57","450","550","450","560","19","24","55112286","22882286","67588783"
"232672","Mary Baldwin University","2010","Presbyterian Church (USA)","52","17","60656","47","440","570","420","500","18","24","28212478","12665489","29010723"
"232681","University of Mary Washington","2010","Not applicable","74","27","66161","75","540","650","520","620","24","28",,,
"232706","Marymount University","2010","Roman Catholic","83","28","69987","57","450","560","430","540","18","23","59800326","22925278","19549677"
"232937","Norfolk State University","2010","Not applicable","64","38","65399","34","390","470","400","470","17","19",,,
"233277","Radford University","2010","Not applicable","75","34","63353","57","460","550","460","560","18","22",,,
"233684","Strayer University-Virginia","2010","Not applicable",,,"60312","22",,,,,,,,,
"234155","Virginia State University","2010","Not applicable","67","28","66159","41","400","480","390","470","16","20",,,
"234827","Central Washington University","2010","Not applicable","81","42","62165","56","440","550","450","550","18","24",,,
"234915","City University of Seattle","2010","Not applicable",,,"53859","0",,,,,,,"44369022","17283627",
"235097","Eastern Washington University","2010","Not applicable","82","48","59816","48","420","530","430","540","17","23",,,
"235167","The Evergreen State College","2010","Not applicable","94","27","65327","52","510","640","460","590","21","28",,,
"235316","Gonzaga University","2010","Roman Catholic","78","31","75984","80","530","640","550","650","24","29","168700818","63359483","120116352"
"235422","Heritage University","2010","Not applicable",,,"51078","16",,,,,,,"16185112","7604603","9022005"
"236133","Northwest University","2010","Assemblies of God Church","63","38","53874","55","460","600","450","580","18","25","24979433","7416372","9819087"
"236230","Pacific Lutheran University","2010","Evangelical Lutheran Church","78","31","63869","66","500","630","500","620","22","28","94935509","38203497","67545248"
"236452","Saint Martin's University","2010","Roman Catholic","80","37","52918","48","450","580","450","590","18","24","29316567","9769789","16076311"
"236595","Seattle University","2010","Roman Catholic","71","24","77132","75","530","640","520","630","24","29","175031250","86345335","152815196"
"236896","Walla Walla University","2010","Seventh Day Adventists","91","63","43532","53",,,,,"21","27","43139411","18102299","13977937"
"237011","Western Washington University","2010","Not applicable","74","40","67428","69","500","620","510","610","22","27",,,
"237066","Whitworth University","2010","Presbyterian Church (USA)","54","20","58978","79","530","650","530","640","23","29","60328517","22430781","80053249"
"237312","University of Charleston","2010","Not applicable","55","24","56855","42","440","540","450","560","20","26","30660179","9749634","29709604"
"237330","Concord University","2010","Not applicable","60","37","54038","39","353","578","381","606","17","27",,,
"237367","Fairmont State University","2010","Not applicable","61","43","57219","35","410","490","410","520","18","23",,,
"237525","Marshall University","2010","Not applicable","89","84","60700","46","450","560","440","560","19","25",,,
"237783","Salem International University","2010","Not applicable",,,"32523","54",,,,,,,,,
"237969","West Virginia Wesleyan College","2010","United Methodist","78","34","49340","58","425","530","420","550","20","25","25561284","7784553","31923155"
"238078","Wheeling Jesuit University","2010","Roman Catholic","72","28","50329","60","470","560","480","560","20","25","35820702","8281021","16686699"
"238193","Alverno College","2010","Roman Catholic","78","52","55870","37",,,,,"17","23","41637311","13853432","17442811"
"238458","Carroll University","2010","Presbyterian Church (USA)","79","38","57194","58",,,,,"20","26","50504183","16618980","32697229"
"238616","Concordia University-Wisconsin","2010","Lutheran Church - Missouri Synod","64","35","63669","60",,,,,"20","26","54921995","27142857","42408418"
"238980","Lakeland University","2010","United Church of Christ","84","40","58900","44","440","650","550","600","18","23","34043368","12371936","10393989"
"239080","Marian University","2010","Roman Catholic","81","40","58942","52",,,,,"17","22","29993294","12178857","7147197"
"239318","Milwaukee School of Engineering","2010","Not applicable","71","34","73361","61","510","640","560","670","24","29","62200195","27413632","37498050"
"239390","Mount Mary University","2010","Roman Catholic","54","40","51393","37",,,,,"16","22","20719433","8723048","9210027"
"239743","Silver Lake College of the Holy Family","2010","Roman Catholic","72","49","37698","36",,,,,"16","22","10279518","4746805","5226319"
"240107","Viterbo University","2010","Roman Catholic","84","30","54616","50",,,,,"20","25","36315846","17412370","29853749"
"240189","University of Wisconsin-Whitewater","2010","Not applicable","82","44","60900","56","430","540","460","600","20","25",,,
"240268","University of Wisconsin-Eau Claire","2010","Not applicable","72","40","59606","65",,,,,"23","26",,,
"240277","University of Wisconsin-Green Bay","2010","Not applicable","91","42","57021","51",,,,,"20","24",,,
"240329","University of Wisconsin-La Crosse","2010","Not applicable","71","38","60171","70",,,,,"23","27",,,
"240365","University of Wisconsin-Oshkosh","2010","Not applicable","86","46","59771","52",,,,,"20","24",,,
"240392","Herzing University-Madison","2010","Not applicable","96","93","46306","31",,,,,,,,,
"240417","University of Wisconsin-Stout","2010","Not applicable","85","53","58721","53",,,,,"19","24",,,
"240462","University of Wisconsin-Platteville","2010","Not applicable","95","56","56491","54",,,,,"20","25",,,
"240471","University of Wisconsin-River Falls","2010","Not applicable","86","54","62050","55",,,,,"20","24",,,
"240480","University of Wisconsin-Stevens Point","2010","Not applicable","80","44","57239","60",,,,,"21","25",,,
"240754","University of Guam","2010","Not applicable",,,"65849","24",,,,,,,,,
"241100","American University of Puerto Rico","2010","Not applicable",,,"25364","35",,,,,,,"13847560","5142707",
"241225","Universidad Central de Bayamon","2010","Roman Catholic","31","45","25903","23",,,,,,,"12897362","4578243","2171784"
"241377","Caribbean University-Bayamon","2010","Not applicable",,,"16416","0",,,,,,,"22817931","5379902","213602"
"241395","Pontifical Catholic University of Puerto Rico-Arecibo","2010","Roman Catholic","23","100","34283","29",,,,,,,,,
"241739","Universidad Metropolitana","2010","Not applicable","52","51","36223","15",,,,,,,"65314090","28767181","12559747"
"242617","Inter American University of Puerto Rico-San German","2010","Not applicable","90","57","43283","30",,,,,,,,"17880372","0"
"242626","Inter American University of Puerto Rico-Aguadilla","2010","Not applicable","69","53","41380","23",,,,,,,,"9570766","0"
"242635","Inter American University of Puerto Rico-Arecibo","2010","Not applicable","53","67","41844","26",,,,,,,,"11393459","0"
"242662","Inter American University of Puerto Rico-Ponce","2010","Not applicable","52","62","40297","25",,,,,,,,"12923185","0"
"243081","Ponce Health Sciences University","2010","Not applicable",,,"44212",,,,,,,,"22494733","6091371",
"243197","University of Puerto Rico-Mayaguez","2010","Not applicable","71","89","71899","42","533","639","557","688",,,,,
"243346","Universidad Del Este","2010","Not applicable","47","66","34392","14",,,,,,,"59307398","26891598","16009130"
"243443","Universidad del Sagrado Corazon","2010","Roman Catholic","38","66","35976","40",,,,,,,"39253544","14571511","15543586"
"243665","University of the Virgin Islands","2010","Not applicable","69","56","63031","33","353","460","320","440","15","19",,,
"245838","Antioch University-Los Angeles","2010","Not applicable",,,"55025",,,,,,,,,,
"245865","Antioch University-New England","2010","Not applicable",,,"46721",,,,,,,,,,
"245883","Antioch University-Seattle","2010","Not applicable","83","100","50549",,,,,,,,,,
"245892","Antioch University-Midwest","2010","Not applicable",,,"51211",,,,,,,,,,
"245953","Mid-America Christian University","2010","Church of God",,,"51631","11",,,,,,,"15014447","2800361","2548129"
"251312","South University-Columbia","2010","Not applicable","81","87","56934","0",,,,,,,,,
"260901","Kaplan University-Davenport Campus","2010","Not applicable",,,"41529","30",,,,,,,,,
"262086","Brandman University","2010","Christian Church (Disciples of Christ)",,,"77956",,,,,,,,"66892329","25794285",
"363907","Caribbean University-Ponce","2010","Not applicable",,,"16230","33",,,,,,,"3117347","734993","29182"
"366711","California State University-San Marcos","2010","Not applicable","71","23","78460","44","430","530","430","540","18","23",,,
"366748","Argosy University-Hawaii","2010","Not applicable",,,"62078",,,,,,,,,,
"367884","Hodges University","2010","Not applicable","78","95","46759","0","480","550","480","600","19","25","25760367","9920168","3761572"
"377555","University of Washington-Bothell Campus","2010","Not applicable","77","33","85286",,"430","560","480","600","18","24",,,
"377564","University of Washington-Tacoma Campus","2010","Not applicable","82","37","80148",,"430","550","460","570","18","24",,,
"380465","University of Phoenix-Utah","2010","Not applicable",,,"28290","19",,,,,,,,,
"405997","University of Phoenix-New Mexico","2010","Not applicable",,,"27664","28",,,,,,,,,
"407009","Arizona State University-West","2010",,,,,,,,,,,,,,
"409698","California State University-Monterey Bay","2010","Not applicable","81","12","69641","41","440","550","430","550","18","23",,,
"420042","University of Phoenix-Hawaii","2010","Not applicable",,,"32666","14",,,,,,,,,
"420574","Arizona State University-Polytechnic","2010",,,,,,,,,,,,,,
"433387","Western Governors University","2010","Not applicable",,,"39210","7",,,,,,,"100670581","40713655",
"433660","Florida Gulf Coast University","2010","Not applicable","70","37","62745","47","460","550","470","570","19","24",,,
"438151","Stevens-Henager College","2010","Not applicable",,,"35887","83",,,,,,,,,
"438498","Stratford University","2010","Not applicable",,,"44003","60",,,,,,,,,
"438586","American InterContinental University-Atlanta","2010","Not applicable","96","100","54084","15",,,,,,,,,
"439057","Argosy University-Seattle","2010","Not applicable",,,"55252",,,,,,,,,,
"440031","Keck Graduate Institute","2010","Not applicable",,,"135929",,,,,,,,"13456643","3435217","46639193"
"440411","Marlboro College Graduate & Professional Studies","2010","Not applicable",,,"52016",,,,,,,,,,
"441937","California State University-Channel Islands","2010","Not applicable","68","14","77443","58","440","540","440","550","19","24",,,
"442569","Grantham University","2010","Not applicable",,,"44738","4",,,,,,,,,
"443128","International Technological University","2010",,,,,,,,,,,,,,
"443766","Strayer University-Tennessee","2010","Not applicable",,,"57721","0",,,,,,,,,
"443784","Strayer University-Pennsylvania","2010","Not applicable",,,"62498","0",,,,,,,,,
"445027","American InterContinental University","2010","Not applicable","85","63","58704","20",,,,,,,,,
"445267","Central Methodist University-College of Graduate and Extended Studies","2010","United Methodist",,,"34160",,,,,,,,,,
"446640","Harrisburg University of Science and Technology","2010","Not applicable",,,"70239",,,,,,,,"15033695","3271129",
"447272","Argosy University-Los Angeles","2010","Not applicable",,,"51634",,,,,,,,,,
"448284","Doane University-Graduate and Professional Studies","2010","United Church of Christ",,,"45455",,,,,,,,,"5227571","0"
"448309","Shorter University-College of Adult & Professional Programs","2010","Southern Baptist","90","33","47271","12",,,,,,,,"2536589","0"
"448840","University of South Florida-St Petersburg","2010","Not applicable","52","55","73973","29","500","580","490","580","21","25",,,
"449038","Strayer University-Florida","2010","Not applicable",,,"64256",,,,,,,,,,
"449339","American Public University System","2010","Not applicable",,,"39256",,,,,,,,,,
"450544","Argosy University-San Diego","2010","Not applicable",,,,,,,,,,,,,
"450766","LIU Riverhead","2010","Not applicable",,,"85174",,,,,,,,,"1559509","0"
"450933","Columbia Southern University","2010","Not applicable",,,"44611","35",,,,,,,,,
"451671","University of South Florida-Sarasota-Manatee","2010","Not applicable",,,"74413",,,,,,,,,,
"452090","Argosy University-Salt Lake City","2010","Not applicable",,,"60514",,,,,,,,,,
"453163","Strayer University-North Carolina","2010","Not applicable",,,"58648","0",,,,,,,,,
"455992","Vermont College of Fine Arts","2010","Not applicable",,,,,,,,,,,"6524839","1426108","465371"
"456542","Geisinger Commonwealth School of Medicine","2010","Not applicable",,,,,,,,,,,"26078607","7773049","724519"
"458919","Strayer University-Georgia","2010","Not applicable",,,"58831","0",,,,,,,,,
"459727","Touro University Worldwide","2010","Not applicable","59","53","59500",,,,,,,,"3254545","652720",
"460075","California University of Management and Sciences","2010",,,,,,,,,,,,,,
"475121","South UniversitySavannah Online","2010",,,,,,,,,,,,,,
"475811","Universidad Internacional Iberoamericana","2010",,,,,,,,,,,,,,
"476975","Colorado State University-Global Campus","2010",,,,,,,,,,,,,,
"479956","Pennsylvania State University-World Campus","2010",,,,,,,,,,,,,,
"480198","Warner Pacific College Adult Degree Program","2010",,,,,,,,,,,,,,
"480569","Florida Institute of Technology-Online","2010",,,,,,,,,,,,,,
"482422","DeVry University-Arizona","2010",,,,,,,,,,,,,,
"482431","DeVry University-California","2010",,,,,,,,,,,,,,
"482440","DeVry University-Colorado","2010",,,,,,,,,,,,,,
"482459","DeVry University-Florida","2010",,,,,,,,,,,,,,
"482468","DeVry University-Georgia","2010",,,,,,,,,,,,,,
"482477","DeVry University-Illinois","2010",,,,,,,,,,,,,,
"482538","DeVry University-Missouri","2010",,,,,,,,,,,,,,
"482556","DeVry University-New Jersey","2010",,,,,,,,,,,,,,
"482574","DeVry University-Ohio","2010",,,,,,,,,,,,,,
"482608","DeVry University-Pennsylvania","2010",,,,,,,,,,,,,,
"482635","DeVry University-Texas","2010",,,,,,,,,,,,,,
"482680","University of North Georgia","2010",,,,,,,,,,,,,,
"482705","Northeastern University Professional Advancement Network","2010",,,,,,,,,,,,,,
"483036","Texas A & M University-Central Texas","2010",,,,,,,,,,,,,,
"484631","University of Phoenix-California","2010",,,,,,,,,,,,,,
"484640","University of Phoenix-Colorado","2010",,,,,,,,,,,,,,
"484668","University of Phoenix-Florida","2010",,,,,,,,,,,,,,
"484677","University of Phoenix-Georgia","2010",,,,,,,,,,,,,,
"484686","University of Phoenix-Louisiana","2010",,,,,,,,,,,,,,
"484695","University of Phoenix-Michigan","2010",,,,,,,,,,,,,,
"484710","University of Phoenix-Nevada","2010",,,,,,,,,,,,,,
"484738","University of Phoenix-Oklahoma","2010",,,,,,,,,,,,,,
"484747","University of Phoenix-Tennessee","2010",,,,,,,,,,,,,,
"484765","University of Phoenix-Virginia","2010",,,,,,,,,,,,,,
"484905","University of North Texas at Dallas","2010",,,,,,,,,,,,,,
"486901","Milligan College","2010",,,,,,,,,,,,,,
"487524","Husson University","2010",,,,,,,,,,,,,,
"490805","Purdue University Northwest","2010",,,,,,,,,,,,,,
