"unitid","institution name","year","IC2011.Religious affiliation","DRVHR2011.Average salary equated to 9-month contracts of full-time instructional staff - all ranks","DRVIC2011.Percent admitted - total","DRVIC2011.Admissions yield - total","IC2011.SAT Critical Reading 25th percentile score","IC2011.SAT Critical Reading 75th percentile score","IC2011.SAT Math 25th percentile score","IC2011.SAT Math 75th percentile score","IC2011.ACT Composite 25th percentile score","IC2011.ACT Composite 75th percentile score","DRVGR2011.Graduation rate - bachelor's degree within 6 years, total","F1011_F2.Total expenses","F1011_F2.Instruction-Total amount","F1011_F2.Value of endowment assets at the end of the fiscal year"
"100812","Athens State University","2011","Not applicable","69461",,,,,,,,,,,,
"100937","Birmingham Southern College","2011","United Methodist","64073","64","24","500","620","490","630","23","29","62","53119567","14955534","52386932"
"101073","Concordia College Alabama","2011","Lutheran Church - Missouri Synod","43059",,,,,,,,,"3","10724325","2975962","3292342"
"101116","South University-Montgomery","2011","Not applicable","38825","55","65",,,,,,,"8",,,
"101435","Huntingdon College","2011","United Methodist","51156","62","29","440","595","453","558","19","23","52","17786238","6448183","41582358"
"101541","Judson College","2011","Baptist","54858","74","38","430","560","410","510","19","25","38","8480598","2947863","14838884"
"101675","Miles College","2011","Christian Methodist Episcopal","37363",,,,,,,,,"20","24258696","7475427","15647186"
"101693","University of Mobile","2011","Southern Baptist","43587","81","50","430","549","433","577","20","26","43","22945220","9286279","12817487"
"101912","Oakwood University","2011","Seventh Day Adventists","49647","44","58","410","520","380","493","16","22","35","42335459","12311936","8514297"
"102234","Spring Hill College","2011","Roman Catholic","54679","49","11","503","610","470","588","21","26","61","41196471","9332907","19104168"
"102270","Stillman College","2011","Presbyterian Church (USA)","44664","46","19","380","440","420","475","16","19","34","21352644","4680338","18209397"
"102298","Talladega College","2011","United Church of Christ","42944",,,,,,,,,"20","14473611","3725381","5191639"
"104090","Brookline College-Phoenix","2011","Not applicable","44594",,,,,,,,,"57",,,
"104586","Embry-Riddle Aeronautical University-Prescott","2011","Not applicable","71423","82","32","498","600","518","630","23","28","57",,,
"105899","Arizona Christian University","2011","Undenominational","49440","57","60","460","570","450","560","19","24","31","8388928","3549549","1867761"
"106342","Lyon College","2011","Presbyterian Church (USA)","57730","65","28","490","690","500","660","23","28","50","17119368","6107779","44160233"
"106412","University of Arkansas at Pine Bluff","2011","Not applicable","47797","29","50","370","490","390","510","15","20","23",,,
"106713","Central Baptist College","2011","Baptist","42780","74","68","450","510","450","570","19","23","35","7698533","2279667","2155130"
"107080","Hendrix College","2011","United Methodist","63677","83","30","570","690","560","670","27","32","73","51454976","16676291","170587112"
"107512","Ouachita Baptist University","2011","Southern Baptist","52011","64","37","450","590","500","610","21","27","63","37931991","12954871","81263245"
"107558","University of the Ozarks","2011","Presbyterian Church (USA)","53813","85","24","445","525","475","570","20","26","46","18871835","6322830","90916531"
"107600","Philander Smith College","2011","United Methodist","44361","68","10","360","510","350","510","16","20","31","15546627","3831774","11574686"
"107877","Williams Baptist College","2011","Southern Baptist","43696","59","45",,,,,"19","24","35","6892156","2027414","9343692"
"108092","University of Arkansas-Fort Smith","2011","Not applicable","57864","56","61","440","570","470","580","19","24","23",,,
"111188","California State University Maritime Academy","2011","Not applicable","75022","69","34","460","580","500","600","19","26","62",,,
"112084","San Diego Christian College","2011","Undenominational","49963","39","39","430","550","410","540","19","23","31","10865981","2827196","536407"
"112260","Claremont McKenna College","2011","Not applicable","107977","14","49","630","720","670","760","29","32","91","82786000","28992000","543236000"
"112394","Cogswell College","2011","Not applicable","64435","54","57","470","560","490","630","19","26","43",,,
"115409","Harvey Mudd College","2011","Not applicable","107128","21","29","690","770","740","800","32","35","84","49949527","20071802","243124894"
"115773","Humphreys University-Stockton and Modesto Campuses","2011","Not applicable","49215",,,,,,,,,"53","9639760","4305202","161296"
"116846","American Jewish University","2011","Jewish","58451","95","30","470","605","448","578","20","22","44","23015349","3423859","22090280"
"118541","Marymount California University","2011","Roman Catholic","68996","45","26",,,,,,,,"21099995","5531747","8589458"
"120254","Occidental College","2011","Not applicable","87960","39","23","600","700","610","690","27","31","83","97969375","37166030","342393345"
"120865","Pacific Union College","2011","Seventh Day Adventists","45266","47","31","440","560","430","590","18","25","45","44849298","13466227","23362014"
"121257","Pitzer College","2011","Not applicable","92252","24","30","610","685","600","679",,,"81","48865913","21452093","113730534"
"121345","Pomona College","2011","Not applicable","107983","14","39","680","780","690","770","31","34","95","128616000","53804000","1700454000"
"122728","William Jessup University","2011","Other Protestant","51368","65","47","460","570","450","540","19","25","54","14893952","4259303","1271580"
"123165","Scripps College","2011","Not applicable","95157","36","33","640","740","640","710","29","32","88","55778947","27493996","266869354"
"124292","Thomas Aquinas College","2011","Roman Catholic","83001","79","68","610","710","550","660","25","29","69","17520866","4930365","13428578"
"125727","Westmont College","2011","Not applicable","78273","61","23","540","650","540","650","23","29","77","54357863","19018278","72016847"
"125763","Whittier College","2011","Not applicable","82442","71","20","480","580","480","590","20","26","55","64236597","24727313",
"126678","Colorado College","2011","Not applicable","90815","26","39",,,,,,,"88","104584817","40083802","509353971"
"127185","Fort Lewis College","2011","Not applicable","56611","71","39","460","570","460","560","20","25","37",,,
"127556","Colorado Mesa University","2011","Not applicable","54080","80","47","430","530","440","550","18","23","25",,,
"127680","National American University-Colorado Springs","2011","Not applicable",,,,,,,,,,"0",,,
"128328","United States Air Force Academy","2011","Not applicable","81455","11","82","590","680","630","710","28","32","83",,,
"128780","Charter Oak State College","2011","Not applicable",,,,,,,,,,,,,
"128902","Connecticut College","2011","Not applicable","83960","32","29",,,,,,,"84","97595000","34935000","212622000"
"129774","Mitchell College","2011","Not applicable","64149","90","29",,,,,,,"47","24124397","4943559","6386559"
"130590","Trinity College","2011","Not applicable","87929","30","28","580","680","600","690","26","29","86","129289200","50457080","436652800"
"130624","United States Coast Guard Academy","2011","Not applicable","85771","16","78","550","640","590","670","25","29","83",,,
"130697","Wesleyan University","2011","Not applicable","94753","21","34","635","740","660","740","30","33","92","180772000","79338000","601478000"
"131098","Wesley College","2011","United Methodist","47386","20","63","370","470","370","470",,,"33","43498364","11724902","6140092"
"132602","Bethune-Cookman University","2011","United Methodist","50062","67","28","370","450","360","450","16","19","37","64907791","22311248","42486612"
"133492","Eckerd College","2011","Presbyterian Church (USA)","67164","68","20","510","620","500","610","22","28","63","66529431","26164218","47474771"
"133526","Edward Waters College","2011","African Methodist Episcopal","43029","23","62","330","420","310","400","14","17","18","21630325","3399656","1660594"
"133711","Flagler College-St Augustine","2011","Not applicable","58012","40","42","530","600","520","580","22","26","60","40443034","12507823","53380438"
"133979","Florida Memorial University","2011","Baptist","65051","33","24",,,,,,,"42","40822213","9467231","9759393"
"135610","Trinity International University-Florida","2011","Evangelical Free Church of America","52580",,,,,,,,,,"3284938","1017940","239175"
"138275","Warner University","2011","Church of God","45079","49","55","440","530","400","530","16","25","40","14762801","3287021","3858847"
"138293","Webber International University","2011","Not applicable","42658","55","48","415","500","440","520","17","21","32","11180106","2048811","4186168"
"138600","Agnes Scott College","2011","Presbyterian Church (USA)","72148","46","22",,,,,,,"65","49204332","15137468","259283516"
"138868","Point University","2011","Christian Churches and Churches of Christ","40726","47","70","420","500","410","520","17","21","39","11461342","4185122","3220368"
"139205","Brewton-Parker College","2011","Baptist","45071","95","47","400","500","390","500","14","20","19","12427578","3379721","14656247"
"139393","Covenant College","2011","The Presbyterian Church in America","57951","60","44","540","670","520","625","23","29","51","27890128","8436381","25085061"
"139630","Emmanuel College","2011","Pentecostal Holiness Church","44730","56","31","410","530","420","550",,,"36","11213045","3089163","3325826"
"140234","LaGrange College","2011","United Methodist","58135","59","31","450","540","450","560","20","23","48","27637769","11250421","57840256"
"140340","Herzing University-Atlanta","2011","Not applicable","49495","100","36",,,,,,,"17",,,
"140553","Morehouse College","2011","Not applicable","64244","62","37","460","590","470","580","19","25","55","95584551","25099512","139825000"
"140696","Oglethorpe University","2011","Not applicable","62816","45","13","540","640","520","615","22","27","48","23744818","7264436","19303307"
"140720","Paine College","2011","United Methodist","44984","69","14","340","430","330","450","14","18","27","21487596","8904604","9174894"
"140872","Reinhardt University","2011","United Methodist","52094","58","28","420","550","420","530",,,"47","22017973","7647422","41529380"
"140988","Shorter University","2011","Baptist","49657","65","32","420","550","430","550","18","24","47","35753845","8346816","22532849"
"141060","Spelman College","2011","Not applicable","66909","39","27","480","560","460","550","20","24","77","88714255","26262887","326928910"
"141185","Toccoa Falls College","2011","Christ and Missionary Alliance Church","46684","50","39","440","580","420","580","18","24","48","18241000","4035635","2761613"
"141237","Truett McConnell University","2011","Southern Baptist","44719","83","54","400","530","400","520","16","20","14","9002705","2358289","8396021"
"141325","Wesleyan College","2011","United Methodist","55703","56","35","470","600","460","600","18","25","52","15884938","5734967","60202412"
"141361","Young Harris College","2011","United Methodist","52501","58","29","450","560","440","548",,,,"26179219","7797540","110005926"
"141981","University of Hawaii-West Oahu","2011","Not applicable","73026","74","36","400","500","410","530","15","22",,,,
"142294","The College of Idaho","2011","Not applicable","50660","65","30","443","630","480","618","22","27","63","23109580","7033369","92572843"
"142328","Lewis-Clark State College","2011","Not applicable","48124","63","72","440","550","430","530","17","22","28",,,
"142522","Brigham Young University-Idaho","2011","Latter Day Saints (Mormon Church)","70267","99","53","470","570","460","570","20","25","52","178013000","101776000","69356000"
"143084","Augustana College","2011","Evangelical Lutheran Church","65814","62","25",,,,,,,"76","66940677","24235179","118922"
"143288","Blackburn College","2011","Presbyterian Church (USA)","49569","68","31",,,,,"18","23","48","11823448","3379565","11046875"
"144883","East-West University","2011","Not applicable","54794",,,,,,,,,"8","11726200","3394616",
"144971","Eureka College","2011","Christian Church (Disciples of Christ)","51419","72","22",,,,,"19","26","65","14720321","3813130","13802342"
"145646","Illinois Wesleyan University","2011","Not applicable","70359","61","25","540","670","590","740","25","30","82","72246430","31764976","187952948"
"145691","Illinois College","2011","Presbyterian Church (USA)","60872","65","27",,,,,,,"57","26891256","8384203","124899205"
"146393","Kendall College","2011","Not applicable","52884","98","45",,,,,,,"34",,,
"146427","Knox College","2011","Not applicable","63117","72","20",,,,,,,"78","45208596","18122410","84085106"
"146481","Lake Forest College","2011","Not applicable","70973","54","24",,,,,,,"68","47021904","14972588","70907176"
"146825","MacMurray College","2011","United Methodist","48153","71","22",,,,,,,"36","9878243","2994775","8229498"
"147244","Millikin University","2011","Presbyterian Church (USA)","57324","56","23","470","600","460","550","20","26","65","49074600","19562501","106158711"
"147341","Monmouth College","2011","Presbyterian Church (USA)","59568","65","24",,,,,"19","25","57","31030268","11258958","78675849"
"148016","Principia College","2011","Not applicable","60073","80","61","458","635","460","633","21","30",,"39644505","10837776","333639272"
"149505","Trinity Christian College","2011","Interdenominational","58530","85","34","480","610","470","580","20","27","64","30642903","14098437","8014874"
"149781","Wheaton College","2011","Undenominational","75403","65","45","610","710","610","690","27","32","87","107331699","36209013","322602852"
"150400","DePauw University","2011","United Methodist","76474","57","20","530","660","570","680","24","29","85","96449152","41290796","500920763"
"150455","Earlham College","2011","Friends","62281","68","21","490","660","510","620","24","30","66","48447744","19459248","335539987"
"150604","Franklin College","2011","American Baptist","58309","60","24","460","560","480","570","20","25","49","27188149","9069427","80756000"
"150668","Goshen College","2011","Mennonite Church","51946","60","41","500","580","490","580","22","27","73","28018360","9857004","99290676"
"150756","Hanover College","2011","Presbyterian Church (USA)","69347","67","15","510","620","510","610","22","28","71","32321677","14417052","137300936"
"150774","Holy Cross College","2011","Roman Catholic","45069","84","44","440","550","440","560","19","24","13","9610577","3658200","1260964"
"150941","Huntington University","2011","United Brethren Church","55361","88","29","450","570","460","560","21","27","62","25115578","9811580","20731864"
"151333","Indiana University-Kokomo","2011","Not applicable","55815","70","67","420","530","430","530","18","23","20",,,
"151777","Manchester University","2011","Church of Brethren","55397","64","18","430","550","450","570","19","25","51","26398025","6774473","42884000"
"151810","Martin University","2011","Not applicable","44657",,,,,,,,,"8","11285080","1681555",
"152099","Oakland City University","2011","Baptist","45761","69","75","410","525","430","540","18","23","64","31128588","6395748","4217704"
"152266","Purdue University-North Central Campus","2011","Not applicable","62268","71","53","430","540","440","540","18","23","17",,,
"152363","Saint Josephs College","2011","Roman Catholic","51025","60","24","410","520","430","530","18","25","58","22876495","6460760","20235133"
"152381","Saint Mary-of-the-Woods College","2011","Roman Catholic","46487","51","79","420","560","410","500","19","26","57","16155740","7532285","11069192"
"152390","Saint Mary's College","2011","Roman Catholic","64496","84","32","510","620","510","610","22","27","79","58798177","22584713","134760292"
"152530","Taylor University","2011","Interdenominational","55621","84","30","510","645","505","635","23","29","80","62467560","19841818","71098459"
"152567","Trine University","2011","Not applicable","54153","72","21","460","550","500","620","20","23","44","35166592","11709360","23181981"
"152673","Wabash College","2011","Not applicable","73981","63","32","508","610","540","650","22","27","75","49256471","13369429","340719611"
"152992","Briar Cliff University","2011","Roman Catholic","49640",,,,,,,,,"45","19510457","5753061","9790978"
"153001","Buena Vista University","2011","Presbyterian Church (USA)","64636","64","35",,,,,"20","25","55","45089518","17834586","124746037"
"153108","Central College","2011","Reformed Church in America","58042","73","21","430","560","460","610","21","26","63","46197756","17615013","73052581"
"153126","Clarke University","2011","Roman Catholic","53077","74","25","460","493","463","560","21","25","60","22939975","8066300","30825048"
"153144","Coe College","2011","Presbyterian Church (USA)","64827","64","23","490","650","520","660","24","28","69","34271689","16169927","81328698"
"153162","Cornell College","2011","United Methodist","64462","46","23","540","680","540","680","23","29","70","33338267","12498273","68152748"
"153250","Dordt College","2011","Christian Reformed Church","58770","80","39","470","590","480","580","21","27","60","30281194","11214398","26122457"
"153375","Grand View University","2011","Evangelical Lutheran Church","55574","93","40","380","460","420","490","19","23","41","29638082","10707855","15514212"
"153384","Grinnell College","2011","Not applicable","83096","45","34","600","720","610","710","28","32","88","97646000","36296000","1500220000"
"153621","Iowa Wesleyan University","2011","United Methodist","48346","64","16","448","520","460","523","18","22","25","14328526","4854055","12297104"
"153825","Loras College","2011","Roman Catholic","54775","76","31",,,"483","538","21","26","59","39979390","10485223","22001888"
"153834","Luther College","2011","Evangelical Lutheran Church","66308","72","24","440","625","510","640","24","29","69","74494135","31576720","117581196"
"154101","Northwestern College","2011","Reformed Church in America","55457","74","31","440","558","480","588","22","27","66","25532249","9226553","42660289"
"154350","Simpson College","2011","United Methodist","56213","85","30",,,,,"21","26","69","37614756","14290681","73035697"
"154518","Waldorf University","2011","Not applicable","46003","49","17","367","534","384","543","16","24","45",,,
"154527","Wartburg College","2011","Evangelical Lutheran Church","58331","76","29","403","540","440","635","21","26","63","50540976","16794077","49190421"
"154712","Benedictine College","2011","Roman Catholic","50730","59","23","470","640","490","620","21","27","56","30313978","8250125","16419494"
"154721","Bethany College","2011","Evangelical Lutheran Church","41806","60","31","400","510","450","520","19","25","42","11847876","3192136","23038379"
"154749","Bethel College-North Newton","2011","Other (none of the above)","47322","70","39","400","490","450","530","20","26","52","12084915","3231661","14438449"
"154855","Central Christian College of Kansas","2011","Free Methodist","29815",,,,,,,,,"41","6237739","1290178","7416031"
"155414","Kansas Wesleyan University","2011","United Methodist","49668","59","42","430","490","440","540","20","23","42","13483464","3850595","17597943"
"155511","McPherson College","2011","Church of Brethren","45497","57","32","400","490","460","520","18","24","46","14668980","4416311","31976427"
"155627","Ottawa University-Ottawa","2011","American Baptist","51618","95","47","420","530","430","520","18","24","47","40255322","10083159","18850474"
"155636","Ottawa University-Kansas City","2011","American Baptist","53823",,,,,,,,,,,,
"155937","Sterling College","2011","Not applicable","43257","49","27","420","520","410","520","19","25","48","12285478","2762970","13769096"
"155973","Tabor College","2011","Mennonite Brethren Church","39360","91","41","400","470","470","560","19","25","52","12724784","3177143","5304876"
"156189","Alice Lloyd College","2011","Not applicable","37946","33","24","440","530","470","600","20","22","45","11815112","2433001","28198004"
"156295","Berea College","2011","Not applicable","63259","12","71","495","640","483","588","22","27","62","67658991","21081523","978734900"
"156356","Brescia University","2011","Roman Catholic","44740","48","13",,,"420","470","19","24","32","10474233","3926820","10351168"
"156408","Centre College","2011","Presbyterian Church (USA)","67353","71","22","560","690","560","670","26","31","82","50573578","18501978","214120391"
"156745","Georgetown College","2011","Baptist","54467","88","19","450","570","450","560","21","27","59","38979477","10484095","43116045"
"157058","Kentucky State University","2011","Not applicable","55043","30","18","380","470","380","470","16","20","21",,,
"157076","Kentucky Wesleyan College","2011","United Methodist","47039","52","18","400","530","458","543","19","24","44","14510447","3364169","29298729"
"157100","Kentucky Christian University","2011","Christian Churches and Churches of Christ","41064","35","80",,,,,"18","22","44","15064691","2315502","4882493"
"157535","University of Pikeville","2011","Presbyterian Church (USA)","48868",,,,,,,,,"26","24881348","7751065","17956141"
"157818","Transylvania University","2011","Christian Church (Disciples of Christ)","74876","84","24","550","680","540","660","24","30","70","33530185","10754729","124764000"
"158477","Centenary College of Louisiana","2011","United Methodist","60306","63","34","478","600","490","600","21","27","58","27441459","9650055","122383013"
"158802","Dillard University","2011","United Methodist","56650","49","13","360","470","370","470","16","20","24","47958637","16142630","54789255"
"159382","Louisiana State University-Alexandria","2011","Not applicable","48943","61","63",,,,,"19","22","12",,,
"160065","University of Holy Cross","2011","Roman Catholic","45676","63","59",,,,,,,,"10659441","3936885","26229021"
"160959","College of the Atlantic","2011","Not applicable","61286","64","32",,,,,,,"71","20936414","4255288","32260682"
"160977","Bates College","2011","Not applicable","89955","27","36",,,,,,,"92","94083037","35788614","231451110"
"161004","Bowdoin College","2011","Not applicable","92759","16","46","670","750","660","740","30","33","92","128415000","44057000","904215000"
"161086","Colby College","2011","Not applicable","96017","29","31","620","710","630","710","28","32","91","106084000","37168000","611441000"
"161217","University of Maine at Augusta","2011","Not applicable","60260",,,,,,,,,"16",,,
"161226","University of Maine at Farmington","2011","Not applicable","57121","82","37",,,,,,,"59",,,
"161235","University of Maine at Fort Kent","2011","Not applicable","56485","87","36",,,,,,,"33",,,
"161244","University of Maine at Machias","2011","Not applicable","53673","79","43","410","530","400","510","17","24","38",,,
"161299","Maine Maritime Academy","2011","Not applicable",,"64","47","440","540","460","570","18","24","69",,,
"161341","University of Maine at Presque Isle","2011","Not applicable","56299",,,,,,,,,"30",,,
"161572","Unity College","2011","Not applicable","50038","61","28",,,,,,,"47","12177022","3956996","2804813"
"162654","Goucher College","2011","Not applicable","69766","73","15","530","650","500","620","23","29","70","65045000","28644325","188336000"
"163912","St Mary's College of Maryland","2011","Not applicable","70521","65","32","568","680","550","650","24","29","79",,,
"163921","Sojourner-Douglass College","2011","Not applicable","10853",,,,,,,,,"27","35520553","6308891",
"163976","St. John's College","2011","Not applicable","84804","78","45","640","730","570","680","25","30","69","27504177","9847834","77878854"
"164155","United States Naval Academy","2011","Not applicable","108069","7","86","560","680","600","700",,,"90",,,
"164216","Washington College","2011","Not applicable","72877","57","15","550","630","540","610","21","27","75","56633308","16904604","172026293"
"164270","McDaniel College","2011","Not applicable","63368","75","20","480","610","490","610","20","26","74","59818000","23102000","91263000"
"164465","Amherst College","2011","Not applicable","103909","13","41","660","760","660","770","30","34","96","140036273","44386523","1641510807"
"164720","Becker College","2011","Not applicable","66992","72","23","400","520","410","540","16","20","27","32651240","8239603","2374753"
"165671","Emmanuel College","2011","Roman Catholic","68273","56","15","490","590","490","580","21","26","63","57371102","15444260","64500600"
"165936","Gordon College","2011","Interdenominational","68050","40","26","524","665","513","651","22","28","74","52339609","16561816","26845277"
"166018","Hampshire College","2011","Not applicable","76953","71","20","590","700","540","650","25","29","61","50584164","18503127","39260394"
"166124","College of the Holy Cross","2011","Roman Catholic","85770","33","31",,,,,,,"91","144209406","53876573","607712689"
"166939","Mount Holyoke College","2011","Not applicable","87947","51","34",,,,,,,"85","123726894","49066158","617284353"
"166948","Mount Ida College","2011","Not applicable","63430","75","28","380","470","380","485","15","19","44","36601127","11542883","11726565"
"167251","Newbury College","2011","Not applicable","52640",,,,,,,,,"42","17245766","5001227","1600000"
"167288","Massachusetts College of Liberal Arts","2011","Not applicable","69524","67","27","440","560","450","550","19","23","53",,,
"167455","Pine Manor College","2011","Not applicable","52956","96","22","350","470","340","450","15","18","34","16473126","3432328","8831044"
"167792","Bard College at Simon's Rock","2011","Not applicable","69602","87","47",,,,,,,,"20469074","6429488","17610684"
"167835","Smith College","2011","Not applicable","104899","45","37",,,,,,,"85","196535363","81145809","1429527290"
"167996","Stonehill College","2011","Roman Catholic","74301","65","12","550","650","560","640","25","29","81","88341762","25649744","151225567"
"168218","Wellesley College","2011","Not applicable","106671","31","42","650","740","640","750","29","32","92","181126000","76813000","1523683000"
"168281","Wheaton College","2011","Not applicable","78329","62","22",,,,,,,"77","72019326","25212492","164947509"
"168342","Williams College","2011","Not applicable","109309","19","44","660","770","650","760","29","34","95","182630944","77430850","1755417770"
"168528","Adrian College","2011","United Methodist","63689","64","22",,,,,"19","24","49","38902579","11015178","22959880"
"168546","Albion College","2011","United Methodist","60284","69","26","520","630","570","670","22","28","68","46864363","17393717","168354268"
"168591","Alma College","2011","Presbyterian Church (USA)","65779","73","28","488","712","512","630","22","27","67","39776516","13339957","101187131"
"169080","Calvin College","2011","Christian Reformed Church","69479","75","40","500","650","530","660","23","29","77","120730539","55714270","112060479"
"169363","Concordia University-Ann Arbor","2011","Lutheran Church - Missouri Synod","37623","56","36","480","580","450","580","19","24","40","13030969","3490224","8235266"
"170286","Hillsdale College","2011",,,,,,,,,,,,,,
"170301","Hope College","2011","Reformed Church in America","65801","82","29","530","670","530","650","24","29","79","94295866","31476345","153813285"
"170532","Kalamazoo College","2011","Not applicable","67409","69","24","560","680","550","670","25","30","80","46482993","20621580","155218448"
"170639","Lake Superior State University","2011","Not applicable","54400","91","34","462","585","482","567","20","24","35",,,
"170967","Rochester College","2011","Churches of Christ","38040","63","41","430","538","483","533","18","24","42","13294850","4265241","1107383"
"171599","Olivet College","2011","United Church of Christ","47546","74","37",,,"430","510","18","23","46","17392266","5025333","12061344"
"171881","Kuyper College","2011","Other Protestant","48919","55","30",,,,,"20","25","48","6776306","2957825","7303730"
"172440","Finlandia University","2011","Evangelical Lutheran Church","45123","66","33",,,,,,,"35","13143479","4465612","3587275"
"173142","Bethany Lutheran College","2011","Other (none of the above)","48395","84","43",,,,,"21","27","53","17650017","6363425","37015377"
"173258","Carleton College","2011","Not applicable","90407","31","34","660","750","660","760","29","33","93","114341001","47813031","653465246"
"173300","Concordia College at Moorhead","2011","Evangelical Lutheran Church","63497","95","36","530","650","550","650","22","28","69","82860396","27395602","83501874"
"173647","Gustavus Adolphus College","2011","Evangelical Lutheran Church","59523","64","24","580","680","570","670","25","30","82","78165927","31873095","108942183"
"173902","Macalester College","2011","Presbyterian Church (USA)","85799","35","22","650","740","630","710","28","32","87","94066000","32772000","669005000"
"174075","University of Minnesota-Crookston","2011","Not applicable","59903","74","42","470","530","430","530","19","24","46",,,
"174251","University of Minnesota-Morris","2011","Not applicable","58736","62","32","510","650","510","650","23","28","60",,,
"174394","Sanford-Brown College-Mendota Heights","2011","Not applicable","42466",,,,,,,,,"40",,,
"174437","North Central University","2011","Assemblies of God Church","57258","71","53","450","580","420","590","19","25","40","22223799","6268421","2448397"
"174747","College of Saint Benedict","2011","Roman Catholic","69584","73","36","505","635","510","645","23","28","81","58834597","20832245","44596056"
"174792","Saint Johns University","2011","Roman Catholic","69548","74","40","450","673","488","640","22","29","80","69572592","23730282","144114446"
"174844","St Olaf College","2011","Evangelical Lutheran Church","73474","53","33","590","720","600","710","27","32","85","109036119","47067075","345973626"
"174862","Crown College","2011","Christ and Missionary Alliance Church","56289","78","45","508","600","475","598","21","25","51","17457644","3351266","6458031"
"175430","Blue Mountain College","2011","Southern Baptist","44368","52","54","500","650","410","560","18","24","50","8749021","4534198","10474665"
"175980","Millsaps College","2011","United Methodist","64262","61","21","510","650","545","650","23","29","66","37746018","13504677","97516055"
"176318","Rust College","2011","United Methodist","41776","46","14",,,,,"14","21","28","15950579","4754631","23948822"
"176406","Tougaloo College","2011","United Church of Christ","39164","35","19","320","490","300","500","15","20","48","25210977","4764181","9370847"
"176947","Central Methodist University-College of Liberal Arts and Sciences","2011","United Methodist","48780","63","35","410","480","410","500","20","24","43","22597054","10321751","31466906"
"177144","Culver-Stockton College","2011","Christian Church (Disciples of Christ)","47757","66","23","390","510","400","570","18","24","41","16153158","4981932","21090809"
"177542","Hannibal-LaGrange University","2011","Southern Baptist","41461","60","39","360","480","360","530","20","25","39","17705247","4565158","6083983"
"177551","Harris-Stowe State University","2011","Not applicable","47691",,,,,,,,,"8",,,
"178341","Missouri Southern State University","2011","Not applicable","56412","97","47",,,,,"18","24","33",,,
"178369","Missouri Valley College","2011","Presbyterian Church (USA)","41333","50","42","390","475","430","520","17","21","26","16350997","5344781","4535507"
"178387","Missouri Western State University","2011","Not applicable","59362",,,,,,,,,"27",,,
"178697","College of the Ozarks","2011","Presbyterian Church (USA)","59371","9","96","580","630","530","560","21","24","54","48636443","13411692","330524074"
"179946","Westminster College","2011","Presbyterian Church (USA)","53651","71","26","420","610","460","600","22","27","63","24642078","6916747","42231654"
"179955","William Jewell College","2011","Not applicable","59846","54","15","460","650","500","620","23","28","63","31155090","9360914","64853306"
"180106","Carroll College","2011","Roman Catholic","54520","72","30","500","600","500","610","22","27","59","53749339","9822420","29317953"
"180258","University of Providence","2011","Roman Catholic","43208",,,,,,,,,"29","14204655","3630742","8789436"
"180416","Montana Tech of the University of Montana","2011","Not applicable","57631","88","60","470","580","520","630","21","26","41",,,
"180522","Montana State University-Northern","2011","Not applicable","48447","64","94","460","508","440","530","17","22","19",,,
"180595","Rocky Mountain College","2011","United Church of Christ","51941","55","30","470","550","470","570","21","25","50","20004565","7360655","21707547"
"180692","The University of Montana-Western","2011","Not applicable","47282",,,,,,,,,"31",,,
"181020","Doane University-Arts & Sciences","2011","Not applicable","57147","83","27",,,,,"20","26","63","33957349","9884833","90982550"
"181093","Grace University","2011","Interdenominational","46523","57","51",,,,,"19","26","30","7516931","2441391","1680033"
"181127","Hastings College","2011","Presbyterian Church (USA)","56635","70","31","460","570","460","550","20","26","56","24828772","8492769","61750921"
"181330","Midland University","2011","Evangelical Lutheran Church","44290","54","34",,,"480","570","20","26","44","18710546","5111332","11651933"
"181738","Union College","2011","Seventh Day Adventists","51253","57","24",,,"430","580","19","25","33","25065950","7601565","12842446"
"181853","York College","2011","Churches of Christ","46370","84","29","440","540","420","560","18","24","31","9492741","1914940","7916894"
"182634","Colby-Sawyer College","2011","Not applicable","57171","83","16",,,,,,,"54","34169514","8952448","29070517"
"183071","University of New Hampshire at Manchester","2011","Not applicable","82259","69","69","460","580","460","570",,,"55",,,
"183239","Saint Anselm College","2011","Roman Catholic","69400","71","19",,,,,,,"73","61410601","21212405","94323460"
"183257","Granite State College","2011","Not applicable","45819",,,,,,,,,"45",,,
"183275","Thomas More College of Liberal Arts","2011","Roman Catholic","41053",,,,,,,,,"68","2460332","961142","32484"
"183822","Bloomfield College","2011","Presbyterian Church (USA)","75113","51","20","380","470","400","470",,,"32","39565079","15265897","10146915"
"184348","Drew University","2011","United Methodist","78377","84","13","500","630","500","610","21","28","68","90427139","33832694","191906000"
"189088","Bard College","2011","Not applicable","93075","35","25",,,,,,,"76","138165615","60921303","231190115"
"189097","Barnard College","2011","Not applicable","101477","25","48","630","730","618","710","28","32","92","125626000","49881771","215500000"
"189848","Cazenovia College","2011","Not applicable","58044","70","17",,,,,,,"49","23484127","9180913","27672481"
"190099","Colgate University","2011","Not applicable","93725","29","33","620","720","640","720","30","32","92","153192207","56948324","700993881"
"190248","Concordia College-New York","2011","Lutheran Church - Missouri Synod","53005","70","22","410","490","410","500","15","20","49","18519392","6063207","8346648"
"190372","Cooper Union for the Advancement of Science and Art","2011","Not applicable","97681","8","75","610","720","650","780","29","33","76","70300986","24652403","609056401"
"190646","CUNY Medgar Evers College","2011","Not applicable","86085","93","19",,,,,,,"39",,,
"190655","CUNY New York City College of Technology","2011","Not applicable","79110","77","25","390","480","438","540",,,"24",,,
"190691","CUNY York College","2011","Not applicable","81508","40","23","400","475","420","510",,,"20",,,
"190983","Elmira College","2011","Not applicable","50206","75","19","490","600","480","590","24","27","60","44286728","12229398","38405848"
"191205","Five Towns College","2011","Not applicable","45327","61","60","400","510","380","500","17","21","31",,,
"191515","Hamilton College","2011","Not applicable","96296","27","33","650","740","660","730","28","32","89","117809000","49825000","721287000"
"191533","Hartwick College","2011","Not applicable","69457","77","13","510","610","510","610","23","27","54","45937175","17312057","61161606"
"191621","Hilbert College","2011","Roman Catholic","55130","69","29",,,,,,,"40","17876661","5000458","3420487"
"191630","Hobart William Smith Colleges","2011","Not applicable","81696","60","26",,,,,,,"75","90072926","28775650","182833093"
"191676","Houghton College","2011","Wesleyan","50669","72","34","530","630","500","630","22","27","68","34415019","13095975","40170853"
"192864","Marymount Manhattan College","2011","Not applicable","69594","79","15","480","590","470","560","21","26","40","47559661","16942045","16485709"
"194392","Paul Smiths College of Arts and Science","2011","Not applicable","46846","79","39","410","530","420","540","18","24","37","23609776","6839182","18556660"
"195173","St Francis College","2011","Not applicable","76279","70","32","420","520","420","510",,,"50","40074008","14991157","67364020"
"195216","St Lawrence University","2011","Not applicable","77825","43","35",,,,,,,"80","104260442","38780732","239822000"
"195304","Sarah Lawrence College","2011","Not applicable","85132","62","28",,,,,,,"70","70083250","31217197","74591964"
"195474","Siena College","2011","Roman Catholic","80668","48","17","510","610","530","630","22","26","74","97062101","28828211","131901494"
"195526","Skidmore College","2011","Not applicable","77289","42","27","570","680","580","670","26","30","84","130959000","49317000","301363000"
"196042","Farmingdale State College","2011","Not applicable","81226","41","42","450","520","480","570",,,"40",,,
"196219","SUNY at Purchase College","2011","Not applicable","73350","34","26","500","620","480","580","21","26","56",,,
"196866","Union College","2011","Not applicable","88048","43","26",,,,,,,"86","110424925","39982204","327800000"
"197027","United States Merchant Marine Academy","2011","Not applicable","101050",,,,,,,,,"80",,,
"197036","United States Military Academy","2011","Not applicable","80499","11","84","560","680","590","690","25","31","83",,,
"197133","Vassar College","2011","Not applicable","94331","23","37","670","740","650","730","30","33","91","165608603","69529300","814130058"
"197230","Wells College","2011","Not applicable","61784","63","11","470","600","460","570","20","27","59","27216449","4692893","22274910"
"197911","Barton College","2011","Christian Church (Disciples of Christ)","50262","52","17","390","540","430","460","18","21","47","21537810","7240336","23060016"
"197984","Belmont Abbey College","2011","Roman Catholic","43010","64","22","440","570","440","550","19","26","38","26456625","6996885","8365676"
"197993","Bennett College","2011","United Methodist","45886","63","18",,,,,,,"39","20081758","6608161","12280904"
"198066","Brevard College","2011","United Methodist","44467","56","25","440","520","410","520","18","22","35","16023510","5377905","19985279"
"198215","Catawba College","2011","Not applicable","56539","42","30","390","530","410","540",,,"54","41417149","10133202","40480810"
"198303","Chowan University","2011","Southern Baptist","51400","60","24","360","440","360","440","14","18","30","18632649","5249406","23628732"
"198385","Davidson College","2011","Presbyterian Church (USA)","92062","25","40","630","730","640","718","29","33","92","95304819","30343005","513150987"
"198598","Greensboro College","2011","United Methodist","49673","51","23","430","540","400","490","17","23","40","21156346","7965460","21399043"
"198613","Guilford College","2011","Friends","57171","64","19","470","620","480","590","21","26","60","58089277","16763128","71839688"
"198695","High Point University","2011","United Methodist","57443","62","29","490","590","510","600","21","26","61","95415532","32166530","37717174"
"198756","Johnson C Smith University","2011","Not applicable","54931","29","24","370","480","380","480","15","19","37","41134920","10861836","50425092"
"198808","Lees-McRae College","2011","Presbyterian Church (USA)","40653","64","19","353","598","375","580","19","26","24","15684811","3591386","19641806"
"198862","Livingstone College","2011","African Methodist Episcopal Zion Church","48341","54","23","330","400","335","420","13","18","28","25181754","5005683","1534413"
"198899","Mars Hill University","2011","Not applicable","48962","68","24","410","520","420","530","17","22","38","26413747","7075436","39181616"
"198950","Meredith College","2011","Not applicable","62104","61","41","450","560","460","563","18","24","59","50340966","19026681","80431175"
"199069","University of Mount Olive","2011","Original Free Will Baptist","56216","62","29","400","490","430","520","17","21","45","35215579","9814223","25743842"
"199111","University of North Carolina at Asheville","2011","Not applicable","67812","77","32","540","650","520","620","22","27","61",,,
"199209","North Carolina Wesleyan College","2011","United Methodist","46204","63","21","380","480","400","510","15","21","22","20960570","6207819","9861173"
"199272","William Peace University","2011","Presbyterian Church (USA)","52573","53","26","420","510","420","520","18","23","36","18526877","5733001","43688029"
"199582","Saint Augustine's University","2011","Protestant Episcopal","45974","60","24","340","450","330","420",,,"23","35897884","8719718","17717052"
"199607","Salem College","2011","Moravian Church","52569","60","47","460","600","450","580","19","27","53","21205634","7462691","51059304"
"199643","Shaw University","2011","Baptist","46979","48","23",,,,,,,"27","51876021","15342051","8744594"
"199698","St. Andrews University","2011","Presbyterian Church (USA)","41691",,,,,,,,,"43","13707757","4379974","15444458"
"199865","Warren Wilson College","2011","Presbyterian Church (USA)","48281","93","25","540","660","490","590","22","28","45","30398464","10161913","51854744"
"200059","Dickinson State University","2011","Not applicable","53963","66","59","380","610","480","530","16","27","26",,,
"200156","University of Jamestown","2011","Presbyterian Church (USA)","50905","63","48","430","510","460","560","20","25","43","15847217","6095622","28230022"
"200226","Mayville State University","2011","Not applicable","47689",,,,,,,,,"25",,,
"200572","Valley City State University","2011","Not applicable","49120","87","65","450","510","420","540","18","22","42",,,
"201371","Bluffton University","2011","Mennonite Church","52726","64","20","440","550","460","550","19","24","59","22592198","8982389","19518286"
"201654","Cedarville University","2011","Baptist","59229","75","36","540","650","530","640","24","29","68","75012929","32186244","20280073"
"201690","Central State University","2011","Not applicable","57366","32","28","350","420","340","430","14","17","24",,,
"201964","Ohio Christian University","2011","Other Protestant","31654","63","43","420","570","390","610","17","23","53","15653860","8470045","2534319"
"202514","Defiance College","2011","United Church of Christ","50216","67","24","400","520","430","530","18","23","51","17805946","6175831","12591128"
"202523","Denison University","2011","Not applicable","72923","48","26","600","690","590","670","27","30","79","107309164","39550789","671523296"
"203128","Hiram College","2011","Not applicable","54768","63","22","450","600","450","600","19","25","66","34166965","11111763","62665442"
"203535","Kenyon College","2011","Not applicable","79022","33","33","640","740","610","690","28","32","87","88257335","31059004","179922748"
"203845","Marietta College","2011","Not applicable","57343","70","13","460","590","480","610","21","26","51","43530906","18690804","61019092"
"204185","University of Mount Union","2011","United Methodist","68087","73","33","450","540","460","570","20","25","65","49682426","18377045","133190000"
"204501","Oberlin College","2011","Not applicable","85758","30","35","650","740","630","720","28","32","88","153533776","71727264","738357067"
"204635","Ohio Northern University","2011","United Methodist","73468","82","27","520","620","550","660","24","29","65","97284425","49357359","145373454"
"204671","Ohio State University-Lima Campus","2011","Not applicable","71102",,,,,,,,,"45",,,
"204909","Ohio Wesleyan University","2011","United Methodist","65538","70","16","520","650","510","650","22","29","61","66904321","24191251","186719779"
"205443","Shawnee State University","2011","Not applicable","57579",,,,,,,,,"22",,,
"206330","Urbana University","2011","Not applicable","44988",,,,,,,,,"31","16353904","6179340","3423803"
"206491","Wilberforce University","2011","African Methodist Episcopal","42039","92","13",,,,,,,"30","14564263","5064505","10439843"
"206507","Wilmington College","2011","Friends","52645","90","20","430","530","410","540","18","23","51","23572174","9196606","29795447"
"206525","Wittenberg University","2011","Lutheran Church in America","65334","73","22","510","630","510","610","22","28","71","60014421","23299933","96082820"
"206589","The College of Wooster","2011","Not applicable","69099","61","19","550","670","550","660","24","30","75","77159462","24981207","246688529"
"206613","Wright State University-Lake Campus","2011","Not applicable","75562",,,,,,,,,"30",,,
"207351","Oklahoma Panhandle State University","2011","Not applicable","39856","89","62","340","450","370","500","16","20","30",,,
"207403","Oklahoma Baptist University","2011","Baptist","50773","66","15","480","590","490","600","21","27","51","33109393","10657726","95122665"
"207661","Rogers State University","2011","Not applicable","53046","54","85",,,,,"18","23","23",,,
"207689","St. Gregory's University","2011","Roman Catholic","38712","57","35",,,,,,,"29","10991203","2037767","9912891"
"207722","University of Science and Arts of Oklahoma","2011","Not applicable","49800","27","88",,,,,"20","26","39",,,
"207856","Southwestern Christian University","2011","Pentecostal Holiness Church","37560","70","76","410","510","430","530","17","23","28","4651995","1477562","818002"
"209056","Lewis & Clark College","2011","Not applicable","80642","66","15","610","710","580","670","27","30","73","112734501","48960829","204141206"
"209065","Linfield College-McMinnville Campus","2011","American Baptist","66713","76","25","490","610","510","610","22","28","73","60752759","27381107","81345732"
"209506","Oregon Institute of Technology","2011","Not applicable","58623","64","47","440","560","450","580",,,"42",,,
"209922","Reed College","2011","Not applicable","87837","40","31","670","750","630","720","29","33","80","72931006","25535650","395644754"
"210304","Warner Pacific College","2011","Church of God","56729","61","15","430","550","450","540","16","22","46","16221393","5438222","7508598"
"210401","Willamette University","2011","Not applicable","82083","41","19","560","670","540","650","27","31","77","90868000","38066000","231777091"
"210492","Bryn Athyn College of the New Church","2011","Other (none of the above)","73603","44","22","450","600","420","610","17","30","30",,"3506509","68415000"
"210571","Albright College","2011","United Methodist","64191","48","16","480","570","480","580","19","25","60","50640091","21483139","53310925"
"210669","Allegheny College","2011","United Methodist","72538","58","20","530","660","540","640","23","29","80","73198142","24558520","153504500"
"210906","The Art Institutes of York-PA","2011","Not applicable","42318","62","68",,,,,,,,,,
"211273","Bryn Mawr College","2011","Not applicable","84156","46","33","600","710","600","720","26","31","87","106339000","46277000","677307000"
"211291","Bucknell University","2011","Not applicable","84773","28","42","590","680","630","720","27","31","91","172852000","63981000",
"211468","Cedar Crest College","2011","Not applicable","62462","62","20","460","560","440","540","20","23","50","30734048","12565945","19792792"
"211477","Central Penn College","2011","Not applicable","46526","43","16",,,,,,,"51",,,
"211608","Cheyney University of Pennsylvania","2011","Not applicable","79283",,,,,,,,,"24",,,
"212009","Dickinson College","2011","Not applicable","73604","42","26","600","690","590","680","27","30","84","108275418","40117997","326551024"
"212197","Elizabethtown College","2011","Church of Brethren","69019","66","22","500","610","520","620","21","27","79","61893889","25906401","56478287"
"212577","Franklin and Marshall College","2011","Not applicable","81502","45","29",,,,,,,"85","110318851","44804486","303321000"
"212674","Gettysburg College","2011","Evangelical Lutheran Church","76908","40","32","610","690","610","690","27","29","85","110686483","38921317","245889239"
"212805","Grove City College","2011","Presbyterian Church (USA)",,"76","51","559","692","560","677","25","30","82","61181617","24328884","92488719"
"212911","Haverford College","2011","Not applicable","87414","25","39","650","750","650","750","30","33","92","83123793","33060067","402729751"
"213251","Juniata College","2011","Not applicable","71218","71","24","530","630","540","650","23","28","76","49677891","14378321","78968798"
"213303","Keystone College","2011","Not applicable","55508","91","41","400","490","390","490","15","20","39","26029085","10467968","7122562"
"213358","La Roche College","2011","Roman Catholic","55443","46","38","420","520","410","510","17","21","51","23919734","7086929","4383695"
"213385","Lafayette College","2011","Presbyterian Church (USA)","94312","40","28","590","680","620","700","26","31","88","132749364","48958378","658146309"
"213668","Lycoming College","2011","United Methodist","61246","70","32","470","590","480","580","20","26","70","32323314","11216442","152275000"
"213996","Messiah College","2011","Interdenominational","65985","64","34","520","630","520","640","22","29","74","83879667","30687192","126435373"
"214157","Moravian College","2011","Moravian Church","66322","80","24",,,,,,,"76","50257422","20312984","91490398"
"214175","Muhlenberg College","2011","Evangelical Lutheran Church","73991","43","28","560","670","560","680","25","31","86","85264369","38006777","150240718"
"214591","Pennsylvania State University-Penn State Erie-Behrend College","2011","Not applicable","72975","84","38","460","560","480","590","20","26","66",,,
"214625","Pennsylvania State University-Penn State New Kensington","2011","Not applicable","70586","85","46","410","540","420","560","17","27","40",,,
"214634","Pennsylvania State University-Penn State Shenango","2011","Not applicable","61236","73","58","380","480","380","500","16","22","44",,,
"214643","Pennsylvania State University-Penn State Wilkes-Barre","2011","Not applicable","65725","92","37","420","520","420","550","16","23","47",,,
"214652","Pennsylvania State University-Penn State Worthington Scranton","2011","Not applicable","68206","88","50","410","520","410","530","20","22","46",,,
"214670","Pennsylvania State University-Penn State Lehigh Valley","2011","Not applicable","63741","87","36","430","550","430","570","19","25","47",,,
"214689","Pennsylvania State University-Penn State Altoona","2011","Not applicable","61563","77","32","440","530","460","570","20","24","65",,,
"214698","Pennsylvania State University-Penn State Beaver","2011","Not applicable","63810","92","39","400","530","430","560","17","25","47",,,
"214704","Pennsylvania State University-Penn State Berks","2011","Not applicable","65205","82","38","420","530","440","560","17","23","55",,,
"214731","Pennsylvania State University-Penn State Brandywine","2011","Not applicable","68837","81","36","420","530","440","560","18","21","37",,,
"214786","Pennsylvania State University-Penn State Greater Allegheny","2011","Not applicable","65936","83","40","370","490","370","510","13","22","47",,,
"214801","Pennsylvania State University-Penn State Abington","2011","Not applicable","63787","79","30","400","520","410","540","19","23","44",,,
"214810","Pennsylvania State University-Penn State Schuylkill","2011","Not applicable","62809","84","51","390","490","380","500","14","22","47",,,
"214829","Pennsylvania State University-Penn State York","2011","Not applicable","65236","84","30","420","530","440","570","19","22","45",,,
"214883","Peirce College","2011","Not applicable","60379",,,,,,,,,"27","27445514","7631107","166086"
"215266","University of Pittsburgh-Bradford","2011","Not applicable","61071","83","46","430","550","440","560","18","24","48",,"11127092","198371"
"215275","University of Pittsburgh-Greensburg","2011","Not applicable","56926","85","39","450","550","470","560","18","22","52",,"7839420","3963480"
"215284","University of Pittsburgh-Johnstown","2011","Not applicable","56440","88","52","450","540","460","570","19","23","59",,"15725804","28189323"
"215798","Saint Vincent College","2011","Roman Catholic","62079","67","33","470","580","495","590","20","25","73","49998107","14529170","71348256"
"216278","Susquehanna University","2011","Evangelical Lutheran Church","69222","73","23","510","610","510","610","23","28","77","70712140","25030432","117423088"
"216287","Swarthmore College","2011","Not applicable","105532","15","39","680","770","670","760","30","34","95","121653000","44958000","1508483000"
"216357","Thiel College","2011","Evangelical Lutheran Church","54541","64","23","410","510","430","520","18","22","39","27099938","7273611","24312991"
"216524","Ursinus College","2011","Not applicable","79554","70","16",,,,,,,"80","60576491","22654707","127476436"
"216542","University of Valley Forge","2011","Assemblies of God Church","54921","76","64","420","560","420","550","15","22","53","18773028","5539565","1029061"
"216667","Washington & Jefferson College","2011","Not applicable","66614","43","14",,,,,,,"74","52698824","17628157","105449820"
"216807","Westminster College","2011","Presbyterian Church (USA)","58514","61","15","490","590","490","598","22","26","74","37996462","13428342","91212410"
"217013","Wilson College","2011","Presbyterian Church (USA)","56864","52","26","430","570","430","540","19","27","53","19562420","4247530","71439734"
"217624","Allen University","2011","African Methodist Episcopal","48408",,,,,,,,,"0","23203713","6377533",
"217721","Benedict College","2011","Baptist","49188",,,,,,,,,"26","61613793","10838405","20402239"
"217873","Claflin University","2011","United Methodist","55050","35","29","390","490","385","500","16","21","40","44827112","13435355","19302951"
"217907","Coker College","2011","Not applicable","47109","53","33","440","550","450","550","18","24","49","20396118","6659612","24383958"
"217998","Erskine College","2011","Reformed Presbyterian Church","53346","67","39","440","580","460","580","18","25","55","19343118","6692322","43369560"
"218070","Furman","2011","Not applicable","79939","70","21","580","690","570","690","26","31","87","127384578","53275932","572162347"
"218229","Lander University","2011","Not applicable","50031","46","51","410","520","430","540","18","22","37",,,
"218238","Limestone College","2011","Not applicable","43148","51","37","400","480","420","530","15","20","39","32767808","12023522","13038957"
"218399","Morris College","2011","Baptist","47204",,,,,,,,,"33","19296321","7020771","12051968"
"218414","Newberry College","2011","Evangelical Lutheran Church","44419","61","33","430","520","440","530","18","23","35","23144275","4687204","21201593"
"218539","Presbyterian College","2011","Presbyterian Church (USA)","62576","67","36","498","603","510","620","21","27","68","41184574","14847134","79725539"
"218645","University of South Carolina-Aiken","2011","Not applicable","55120","50","46","440","550","450","560","18","23","41",,,
"218654","University of South Carolina-Beaufort","2011","Not applicable","56570","74","41","420","510","420","510","17","22","21",,,
"218742","University of South Carolina-Upstate","2011","Not applicable","55292","59","44","430","520","450","530","18","22","39",,,
"218919","Voorhees College","2011","Protestant Episcopal","41620","51","6",,,,,,,"34","18365804","6077661","5492973"
"218973","Wofford College","2011","United Methodist","69441","65","24","530","650","550","640","24","29","79","53666031","16022000","165107417"
"219000","Augustana University","2011","Evangelical Lutheran Church","56288","80","43",,,,,"23","28","65","41784161","17957697","52786578"
"219091","Dakota Wesleyan University","2011","United Methodist","47299","76","42","340","540","370","620","17","25","43","14302089","3968301","21372735"
"219204","National American University-Rapid City","2011","Not applicable","39516",,,,,,,,,"22",,,
"220181","Fisk University","2011","Not applicable","54270","98","7","410","550","420","530","18","24","45","25310314","5658927","13438891"
"220206","Welch College","2011","Free Will Baptist Church","38119",,,,,,,,,"42","4931193","1414494","1119696"
"220598","Lane College","2011","Christian Methodist Episcopal","44983","33","28",,,,,"14","17","34","31555399","9108292","4291771"
"220604","Le Moyne-Owen College","2011","Multiple Protestant Denomination","39043","40","47",,,,,"14","17","15","15526563","4262610","13027459"
"220701","Martin Methodist College","2011","United Methodist","48818",,,,,,,,,"49","14793862","4508140","12308090"
"220710","Maryville College","2011","Presbyterian Church (USA)","59455","66","22","470","600","480","600","22","27","54","27390541","8656650","59245651"
"221351","Rhodes College","2011","Presbyterian Church (USA)","68077","50","21","590","690","590","680","26","31","75","64808197","27018221","283371967"
"221519","Sewanee-The University of the South","2011","Protestant Episcopal","78336","61","24","580","680","560","650","26","30","86","80767825","26666981","318709539"
"221731","Tennessee Wesleyan University","2011","United Methodist","43865","82","39","400","490","380","490","19","24","44","13868016","4823888","9602949"
"222983","Austin College","2011","Presbyterian Church (USA)","69407","52","21","580","680","570","680","24","29","75","40037560","15405549","124895358"
"224527","East Texas Baptist University","2011","Baptist","52670","57","51","400","510","440","530","18","22","43","21490939","6704232","61950367"
"225548","Howard Payne University","2011","Baptist",,"69","42","430","540","450","560","18","24","46","20878893","7760089","45271849"
"225575","Huston-Tillotson University","2011","Multiple Protestant Denomination","47375","90","29","340","450","370","470","14","20","20","17517435","4640847","8266370"
"225885","Jarvis Christian College","2011","Christian Church (Disciples of Christ)","38826",,,,,,,,,"14","13643496","1882003","8352504"
"226587","McMurry University","2011","United Methodist","51712","61","43","400","510","430","540","17","23","36","25731761","9897453","62911129"
"227429","Paul Quinn College","2011","African Methodist Episcopal","41070","43","67","420","440","430","470","18","20","5","7712057","909418","5061187"
"228042","Schreiner University","2011","Presbyterian Church (USA)","51413","61","41","440","560","460","570","19","24","39","24117663","6942391","53929211"
"228343","Southwestern University","2011","United Methodist","67964","65","20","560","680","560","650","25","31","73","59487482","20504229","268982899"
"228468","Southwestern Adventist University","2011","Seventh Day Adventists","42303",,,,,,,,,"38","16782251","6234805","7010965"
"228884","Texas College","2011","Christian Methodist Episcopal","34650",,,,,,,,,"6","12381499","2502134","1593210"
"228981","Texas Lutheran University","2011","American Evangelical Lutheran Church","58457","65","40","440","550","470","580","19","24","49","30579836","7819152","81293492"
"229887","Wiley College","2011","United Methodist","45136",,,,,,,,,"18","20496375","8789234","6032689"
"230047","Brigham Young University-Hawaii","2011","Latter Day Saints (Mormon Church)","82409","29","76","468","580","498","583","22","26","51","83784000","37185000","87250000"
"230630","Stevens-Henager College","2011","Not applicable","39537",,,,,,,,,"5",,,
"230816","Bennington College","2011","Not applicable","73817","72","26",,,,,,,"67","29994171","12701555","15134813"
"230834","Castleton University","2011","Not applicable","56746","86","28","430","530","440","530","18","22","47",,,
"230931","Lyndon State College","2011","Not applicable","55737","99","36","400","520","410","530","17","22","31",,,
"230940","Marlboro College","2011","Not applicable","56112","87","33",,,,,,,"66","13989964","4917572","35860096"
"230959","Middlebury College","2011","Not applicable","95073","17","42","640","740","650","740","30","33","90","223404000","70952019","907668000"
"231059","Saint Michael's College","2011","Roman Catholic","76565","78","16","530","630","530","610","23","27","82","73253947","24064740","70899470"
"231077","College of St Joseph","2011","Roman Catholic","39583","69","44","420","450","400","440","16","21","45","5219804","1657612","4471156"
"231086","Southern Vermont College","2011","Not applicable","47736","78","46","460","490","400","500","16","20","19","10533485","2106055","1510910"
"231095","Sterling College","2011","Not applicable","30140","89","45",,,,,,,"50","4779531","1447957","876051"
"231420","Averett University","2011","Not applicable","57395","54","20","410","520","420","530","17","23","41","22645214","8525185","24703627"
"231554","Bluefield College","2011","Baptist","46588","49","26","400","510","410","493","16","21","36","11416241","3279047","5346232"
"231581","Bridgewater College","2011","Church of Brethren","55687","52","14","450","570","470","560","20","24","59","38043539","10907534","63569283"
"232025","Emory & Henry College","2011","United Methodist","56009","71","29","440","558","433","560","21","26","59","25519700","8777327","83775727"
"232089","Ferrum College","2011","United Methodist","50655","78","26","390","490","390","490","16","21","31","31006258","7616439","41628148"
"232256","Hampden-Sydney College","2011","Not applicable","68374","55","24","490","600","510","610","21","27","67","44035804","12935857","131303703"
"232308","Hollins University","2011","Not applicable","62609","83","27","470","620","450","580","21","28","63","32867810","13875878","152717925"
"233295","Randolph-Macon College","2011","United Methodist","65121","56","17","500","600","490","590","22","27","60","41689828","11650584","122388469"
"233301","Randolph College","2011","United Methodist","64913","71","25","490","620","480","620","20","26","63","26796542","9205065","149230000"
"233374","University of Richmond","2011","Not applicable","93793","33","25","580","690","610","700","28","31","83","228836000","68109000","1878169000"
"233426","Roanoke College","2011","Evangelical Lutheran Church","62193","70","18","500","590","490","590","21","26","69","58255282","23111183","122373030"
"233611","Southern Virginia University","2011","Not applicable",,"99","68","460","580","460","570","20","26","25","13039403","3837351","574049"
"233718","Sweet Briar College","2011","Not applicable","62021","82","37","480","610","433","580","22","27","70","38338544","15487663","93811192"
"233897","The University of Virginia's College at Wise","2011","Not applicable","58183","77","41","420","540","420","530","17","22","39",,,
"234085","Virginia Military Institute","2011","Not applicable","73900","46","49","510","620","530","610","22","27","69",,,
"234164","Virginia Union University","2011","Baptist","48468","75","8",,,"350","430","13","17","29","32117073","10859904","29181091"
"234173","Virginia Wesleyan University","2011","United Methodist","64583","86","16","440","540","430","540","19","23","48","34543317","11642975","53284901"
"234207","Washington and Lee University","2011","Not applicable","98838","18","42","650","740","660","740","29","32","91","125705000","59240000","1218132000"
"236328","University of Puget Sound","2011","Not applicable","79866","52","18","570","680","560","660","26","30","73","103073000","44212000","251291000"
"237057","Whitman College","2011","Not applicable","71616","53","24","630","730","620","710","29","32","86","67187689","23372422","395609000"
"237118","Alderson Broaddus University","2011","American Baptist","43773","70","24","470","560","460","580","19","24","49","14971930","5805685","18149485"
"237181","Bethany College","2011","Christian Church (Disciples of Christ)","47645","58","25","390","520","380","510","17","24","48","23013743","5048732","43954173"
"237215","Bluefield State College","2011","Not applicable","56262","69","79","430","540","413","540","17","22","22",,,
"237358","Davis & Elkins College","2011","Presbyterian Church (USA)","48586","53","22","410","510","420","530","17","22","36","17839605","5482492","27230431"
"237385","Glenville State College","2011","Not applicable","51028","82","35","350","440","350","440","16","21","31",,,
"237640","Ohio Valley University","2011","Churches of Christ","42681","46","37","430","590","430","540","18","24","43","9237435","2865275","1285989"
"237792","Shepherd University","2011","Not applicable","61620","88","43","460","560","450","550","19","24","46",,,
"237899","West Virginia State University","2011","Not applicable","53812","100","32","360","480","395","470","17","22","25",,,
"237932","West Liberty University","2011","Not applicable","55211","75","41","420","530","410","510","18","23","46",,,
"237950","West Virginia University Institute of Technology","2011","Not applicable","59761","52","63","400","520","410","570","18","23","29",,,
"238333","Beloit College","2011","Not applicable","59975","71","21","560","690","550","650","25","30","76","45715706","19177369","113707400"
"238476","Carthage College","2011","Evangelical Lutheran Church","64644","69","14",,,,,"22","27","59","58524616","21536275","51870347"
"239017","Lawrence University","2011","Not applicable","64667","53","23",,,,,,,"77","56251256","23337677","214650801"
"239071","Maranatha Baptist University","2011","Baptist","38193","75","67","450","570","410","530","19","24","51","15088178","3797992","226656"
"239512","Northland College","2011","United Church of Christ","49383","73","31","435","578","423","568","20","27","48","18075778","5227005","19529631"
"239628","Ripon College","2011","Not applicable","55132","75","27","500","650","490","580","22","27","70","27540003","11578460","62343362"
"239716","Saint Norbert College","2011","Roman Catholic","56867","80","31",,,,,"22","27","70","56907692","17568136","73201959"
"240338","Wisconsin Lutheran College","2011","Wisconsin Evangelical Lutheran Synod","51516","65","50","400","520","430","570","21","27","63","26250143","8493286","19891887"
"240374","University of Wisconsin-Parkside","2011","Not applicable","55938","83","53",,,,,"18","23","28",,,
"240426","University of Wisconsin-Superior","2011","Not applicable","55179","89","44",,,,,"20","24","44",,,
"241128","American University of Puerto Rico","2011","Not applicable","24791",,,,,,,,,"24",,,
"241191","Universidad Adventista de las Antillas","2011","Seventh Day Adventists","29782","83","54",,,,,,,"36","9943881","3663320","134104"
"241386","Caribbean University-Carolina","2011","Not applicable","22091",,,,,,,,,"29","1579672","407574","16496"
"241720","Colegio Universitario de San Juan","2011","Not applicable","30944","99","100",,,,,,,"17",,,
"242644","Inter American University of Puerto Rico-Barranquitas","2011","Not applicable","39273","85","89",,,,,,,"35",,"6953101",
"242680","Inter American University of Puerto Rico-Fajardo","2011","Not applicable","40722","48","95",,,,,,,"23",,"5383478",
"242699","Inter American University of Puerto Rico-Guayama","2011","Not applicable","47117","78","82",,,,,,,"24",,"5377226",
"242705","Inter American University of Puerto Rico-Bayamon","2011","Not applicable","42419","39","92",,,,,,,"24",,"14857410",
"243106","University of Puerto Rico-Aguadilla","2011","Not applicable","56766","54","90","453","560","470","521",,,"29",,,
"243115","University of Puerto Rico-Arecibo","2011","Not applicable","53585","44","81",,,,,,,"36",,,
"243133","University of Puerto Rico-Bayamon","2011","Not applicable","53531","25","84",,,,,,,"45",,,
"243142","University of Puerto Rico-Carolina","2011","Not applicable","69779","93","78","471","574","457","607",,,"26",,,
"243151","University of Puerto Rico-Cayey","2011","Not applicable","67796","85","92","506","613","502","628",,,"45",,,
"243179","University of Puerto Rico-Humacao","2011","Not applicable","65806","40","86","496","603","489","606",,,"44",,,
"243212","University of Puerto Rico-Ponce","2011","Not applicable","47931","78","76","474","597","478","596",,,"38",,,
"243586","Pontifical Catholic University of Puerto Rico-Mayaguez","2011","Roman Catholic","32784","38","63",,,,,,,"17",,,
"243832","EDP University of Puerto Rico Inc-San Juan","2011","Not applicable","23642","85","66",,,,,,,"11","11789394","3136465",
"245652","St. John's College","2011","Not applicable","82186","86","45",,,,,,,"53","21927203","8472696",
"245847","Antioch University-Santa Barbara","2011","Not applicable","56380",,,,,,,,,,,,
"262129","New College of Florida","2011","Not applicable","67786","56","33","630","740","570","680","27","31","68",,,
"363916","Caribbean University-Vega Baja","2011","Not applicable","21600",,,,,,,,,"13","1724399","444915","18007"
"384254","Beacon College","2011","Not applicable","48231","58","41",,,,,,,"82","5254253","1215157",
"385619","Everglades University","2011","Not applicable","35134","86","56",,,,,,,"65","18810253","3985550",
"398130","Mt Sierra College","2011","Not applicable",,"40","90",,,,,,,"27",,,
"399911","Soka University of America","2011","Not applicable","90941","34","61","473","620","540","680","23","27","87","42605000","9837000","1062627000"
"414823","Johnson & Wales University-North Miami","2011","Not applicable","61324","63","19",,,,,,,"46",,,
"414878","Trine University-Regional/Non-Traditional Campuses","2011","Not applicable","54153","64","26",,,,,,,"0",,,
"421832","Living Arts College","2011","Not applicable","29915",,,,,,,,,,,,
"428259","Ottawa University-Milwaukee","2011","American Baptist","50789",,,,,,,,,,,,
"432241","University of Phoenix-Oregon","2011","Not applicable","23263",,,,,,,,,"25",,,
"437325","Linfield College-Online and Continuing Education","2011","American Baptist","50254",,,,,,,,,,,,
"440466","University of Phoenix-Idaho","2011","Not applicable","16388",,,,,,,,,"9",,,
"441900","Nevada State College","2011","Not applicable","67537","66","36",,,,,,,"22",,,
"443410","DigiPen Institute of Technology","2011","Not applicable","67845","49","68","515","655","540","665","23","30","54",,,
"445319","University of Phoenix-Minnesota","2011","Not applicable","16024",,,,,,,,,"7",,,
"446048","Ave Maria University","2011","Roman Catholic","56958","48","36","500","620","490","600","21","26","41","34393208","9324250","2168081"
"447050","United States University","2011","Not applicable","70090",,,,,,,,,,,,
"447689","Georgia Gwinnett College","2011","Not applicable","64284",,,,,,,,,,,,
"449870","University of the West","2011","Not applicable","43213",,,,,,,,,"0","5203723","1206495","7837249"
"450085","The Art Institute of Charleston","2011","Not applicable","40169","47","94",,,,,,,,,,
"450298","Strayer University-Delaware","2011","Not applicable","52357",,,,,,,,,,,,
"451060","Digital Media Arts College","2011","Not applicable","33497",,,,,,,,,"46",,,
"454184","The King's College","2011","Interdenominational","66253","67","7","580","670","520","610","24","28","51","16458152","4849191","474487"
"454582","Ottawa University-Online","2011","American Baptist","53823",,,,,,,,,,,,
"455770","Providence Christian College","2011","Undenominational","50169","50","77",,,,,,,"57","2492030","1206238","15000"
"456621","Strayer University-West Virginia","2011","Not applicable","52650",,,,,,,,,,,,
"457484","Pacific Rim Christian University","2011","Other Protestant","29455","76","89",,,,,,,"44","1075527","224839",
"457697","City Vision University","2011","Not applicable",,,,,,,,,,,"1822419","76268",
"458496","The Art Institute of Virginia Beach","2011","Not applicable","38347","53","62",,,,,,,,,,
"458973","Strayer University-Texas","2011","Not applicable","53096",,,,,,,,,,,,
"458982","The Art Institute of San Antonio","2011","Not applicable","42680","57","70",,,,,,,,,,
"459268","South UniversityVirginia Beach","2011","Not applicable","49092","59","71",,,,,,,,,,
"459851","Herzing University-Brookfield","2011","Not applicable","52677","100","66",,,,,,,,,,
"460783","Remington College-Heathrow Campus","2011","Not applicable",,"50","77",,,,,,,,"3405082","157877",
"461236","Georgia Christian University","2011","Not applicable","36364",,,,,,,,,,"1843437","795810",
"461795","North American University","2011","Not applicable","45658","100","85",,,,,,,,"164625","60000",
"462044","Institute for Doctoral Studies in the Visual Arts","2011","Not applicable","70191",,,,,,,,,,"469850","189629",
"462354","John Paul the Great Catholic University","2011","Roman Catholic","51897",,,,,,,,,,"2797995","1608824",
"468015","South University-The Art Institute of Fort Worth","2011","Not applicable","42763","41","96",,,,,,,,,,
"468024","South University-Novi","2011","Not applicable","53183","54","57",,,,,,,,,,
"470092","The Art Institute of Wisconsin","2011","Not applicable","41237","70","84",,,,,,,,,,
"475200","Whitworth University-Adult Degree Programs","2011","Presbyterian Church (USA)","46804",,,,,,,,,,,"1911536",
"480073","South University-Austin","2011",,,,,,,,,,,,,,
"480134","Elizabethtown College School of Continuing and Professional Studies","2011",,,,,,,,,,,,,,
"481720","South University-High Point","2011",,,,,,,,,,,,,,
"482158","Middle Georgia State University","2011",,,,,,,,,,,,,,
"484622","University of Phoenix-Arkansas","2011",,,,,,,,,,,,,,
"484701","University of Phoenix-Missouri","2011",,,,,,,,,,,,,,
"484783","University of Phoenix-Pennsylvania","2011",,,,,,,,,,,,,,
